{
"type": "FeatureCollection",
"name": "teste",
"crs": { "type": "name", "properties": { "name": "urn:ogc:def:crs:OGC:1.3:CRS84" } },
"features": [
{ "type": "Feature", "properties": { "ZG": 13, "Area (ha)": 4.24 }, "geometry": { "type": "MultiPolygon", "coordinates": [ [ [ [ -51.267869946451604, -23.510907903529603 ], [ -51.267659011303678, -23.51072333527517 ], [ -51.267365199934744, -23.510547048453809 ], [ -51.266983245155131, -23.510444214474681 ], [ -51.266601290375519, -23.510429523906236 ], [ -51.266189954459009, -23.510561739022254 ], [ -51.266087120479881, -23.510620501296042 ], [ -51.26598428650076, -23.510679263569831 ], [ -51.265866761953184, -23.51075271641206 ], [ -51.265734546837166, -23.510840859822743 ], [ -51.265602331721148, -23.510899622096527 ], [ -51.265396663762893, -23.5110171466441 ], [ -51.265235067509977, -23.511119980623228 ], [ -51.264955946709492, -23.511164052328567 ], [ -51.264632754203667, -23.511134671191673 ], [ -51.264236108855606, -23.510884931528082 ], [ -51.264089203171139, -23.510649882432936 ], [ -51.263956988055121, -23.510517667316915 ], [ -51.263766010665314, -23.510282618221769 ], [ -51.263545652138617, -23.50997411628439 ], [ -51.263369365317253, -23.509753757757689 ], [ -51.263366853706493, -23.509752018950241 ], [ -51.263166570917008, -23.510033572950999 ], [ -51.262962723031876, -23.510328719842683 ], [ -51.262916253096911, -23.510386829441721 ], [ -51.262752820522941, -23.510777965826613 ], [ -51.262668504545331, -23.510988668775848 ], [ -51.262690385607037, -23.511159920606225 ], [ -51.262729141249594, -23.511269633382508 ], [ -51.262879656320507, -23.511347242715949 ], [ -51.26320494634831, -23.511460899922234 ], [ -51.263505353757978, -23.511598633687644 ], [ -51.263666286298871, -23.511716691086193 ], [ -51.263701023680717, -23.511758345548731 ], [ -51.263737282679926, -23.511786531382359 ], [ -51.26387771772719, -23.511897829944303 ], [ -51.264070841998887, -23.511905206787262 ], [ -51.26421345693791, -23.511834748378934 ], [ -51.264468295858023, -23.511695896766778 ], [ -51.264582358060203, -23.511606528443419 ], [ -51.264909108096447, -23.511423507062347 ], [ -51.264953942141517, -23.511398394321912 ], [ -51.265471337697797, -23.511278452624776 ], [ -51.266621366911515, -23.511172621715541 ], [ -51.267049394144429, -23.511092660584115 ], [ -51.267551750706048, -23.511003638040989 ], [ -51.267582311460615, -23.510998506941998 ], [ -51.267869946451604, -23.510907903529603 ] ], [ [ -51.266967669164345, -23.510665221300677 ], [ -51.267010001528043, -23.510707553664375 ], [ -51.267002946134092, -23.510724016250254 ], [ -51.266970020962326, -23.510745182432103 ], [ -51.26676306273982, -23.51078045940185 ], [ -51.266668990820492, -23.510794570189748 ], [ -51.266600788678986, -23.510799273785715 ], [ -51.26652317934554, -23.510778107603866 ], [ -51.266513772153608, -23.510731071644205 ], [ -51.266570215305208, -23.510684035684541 ], [ -51.266607844072936, -23.510674628492609 ], [ -51.266751303749899, -23.510665221300677 ], [ -51.266812450497461, -23.51065816590673 ], [ -51.266906522416782, -23.510662869502696 ], [ -51.266967669164345, -23.510665221300677 ] ] ] ] } },
{ "type": "Feature", "properties": { "ZG": 19, "Area (ha)": 6.23 }, "geometry": { "type": "MultiPolygon", "coordinates": [ [ [ [ -51.262137017171668, -23.512302540649774 ], [ -51.262223500978379, -23.512574346899445 ], [ -51.262296953820616, -23.512794705426145 ], [ -51.262355716094397, -23.513161969637309 ], [ -51.262194119841489, -23.513529233848477 ], [ -51.261973761314785, -23.513896498059641 ], [ -51.261841546198767, -23.51416092829168 ], [ -51.261724021651197, -23.514351905681487 ], [ -51.261591806535172, -23.514528192502848 ], [ -51.261356757440026, -23.514601645345081 ], [ -51.261004183797311, -23.514601645345081 ], [ -51.260827896975947, -23.51446943022906 ], [ -51.260739753565268, -23.514337215113041 ], [ -51.260662754556805, -23.514216216671173 ], [ -51.260416106313187, -23.514316098212301 ], [ -51.260181312031818, -23.51442492463859 ], [ -51.260066905802091, -23.514445415675691 ], [ -51.259812430598004, -23.514517175354779 ], [ -51.25957020922948, -23.51465915253171 ], [ -51.2594703402292, -23.51473210000049 ], [ -51.259413406183683, -23.51477237430008 ], [ -51.259307716994329, -23.51480477613525 ], [ -51.259211776359621, -23.514870957832201 ], [ -51.258971084077587, -23.514958664934358 ], [ -51.258834018400989, -23.515013282170461 ], [ -51.258666890920153, -23.515023909363428 ], [ -51.258510779605217, -23.514990781330031 ], [ -51.258334906766095, -23.51498666789232 ], [ -51.258138059397083, -23.514984569925151 ], [ -51.257992295294571, -23.51503144704467 ], [ -51.257850239259426, -23.515101346630448 ], [ -51.25774475929552, -23.51518519394914 ], [ -51.257650394221344, -23.5152489081465 ], [ -51.257578952538211, -23.515332698659272 ], [ -51.25757933391327, -23.515421287449271 ], [ -51.257561220418722, -23.515610706636259 ], [ -51.257528984934027, -23.51574518660836 ], [ -51.257506831210947, -23.515884714524262 ], [ -51.257517379977742, -23.515950725883549 ], [ -51.257575616982365, -23.51608061011466 ], [ -51.257647518785006, -23.516042048001669 ], [ -51.257769816427583, -23.515988124409809 ], [ -51.257927465738135, -23.515916479598591 ], [ -51.258080731864425, -23.515838306135858 ], [ -51.258215294479669, -23.515758414001048 ], [ -51.258412670027155, -23.515667778496649 ], [ -51.258573714950273, -23.51557658514983 ], [ -51.258750923130378, -23.51550060764141 ], [ -51.258936151773582, -23.515436981288278 ], [ -51.259151701640121, -23.51537625457734 ], [ -51.259300264031822, -23.515335274143641 ], [ -51.259497211869416, -23.515238914506881 ], [ -51.259665695521505, -23.515172126044181 ], [ -51.259883642088539, -23.51506480093574 ], [ -51.260082458081115, -23.51498417261136 ], [ -51.260282617090525, -23.514873482580239 ], [ -51.260339961585771, -23.514897829064161 ], [ -51.260601120100318, -23.514936379325459 ], [ -51.260764338143531, -23.514969702234531 ], [ -51.260963813656645, -23.514991685800901 ], [ -51.261199578999076, -23.515007603763461 ], [ -51.261204005715285, -23.515007902638189 ], [ -51.261396143737727, -23.515007904787829 ], [ -51.261609110411825, -23.514994282004089 ], [ -51.261821585245571, -23.514983889461281 ], [ -51.261988128740768, -23.514965441895448 ], [ -51.262181222919139, -23.514946877379401 ], [ -51.262276568980496, -23.514895910836781 ], [ -51.262376213323705, -23.51485576470839 ], [ -51.262438018959529, -23.51484108576447 ], [ -51.262530046638688, -23.514792212441911 ], [ -51.262622507299511, -23.5147350346362 ], [ -51.262701723953853, -23.51469583540209 ], [ -51.262795047426152, -23.514672409932611 ], [ -51.262803044247448, -23.514620785675291 ], [ -51.262875588403915, -23.514625129277729 ], [ -51.26289909778302, -23.51456128343586 ], [ -51.262893899488972, -23.51450766524453 ], [ -51.262955359646242, -23.514482412230969 ], [ -51.262956375690521, -23.51438610748059 ], [ -51.262915910546781, -23.514343807034859 ], [ -51.263006989370979, -23.514325021309048 ], [ -51.263063491820674, -23.514293351261891 ], [ -51.263114949022224, -23.514187046544389 ], [ -51.26319681997785, -23.514072548247739 ], [ -51.263188540587805, -23.514014249729591 ], [ -51.263237936380222, -23.513962385276301 ], [ -51.263282827004105, -23.513828430130211 ], [ -51.263360578831509, -23.51377664541377 ], [ -51.263443144463622, -23.51373897137773 ], [ -51.263451941926292, -23.51367918981844 ], [ -51.263493120131614, -23.513669768245659 ], [ -51.26358120540965, -23.513611885681382 ], [ -51.263660114634376, -23.513527082660421 ], [ -51.263696980020995, -23.51346489784753 ], [ -51.263677406362717, -23.513409407560729 ], [ -51.263705781225383, -23.513334724122931 ], [ -51.263750378668533, -23.513239931274619 ], [ -51.263686764129091, -23.513018954346791 ], [ -51.263619626676871, -23.512835074555809 ], [ -51.263591223937169, -23.512802280585952 ], [ -51.263516076561132, -23.512765476002269 ], [ -51.263458933686934, -23.51271671005421 ], [ -51.263414039622262, -23.51271210905545 ], [ -51.263358758668915, -23.51271030078243 ], [ -51.263307956127733, -23.512747769560651 ], [ -51.263242995608152, -23.512709410778719 ], [ -51.263154777515297, -23.512660088819199 ], [ -51.263067482706333, -23.512609809689529 ], [ -51.263021053918806, -23.512546934474418 ], [ -51.262959173451065, -23.512513306656199 ], [ -51.262868228166894, -23.51248672069017 ], [ -51.262767694377089, -23.512457052545962 ], [ -51.262657711646057, -23.512422385673091 ], [ -51.262600245186775, -23.51236920714571 ], [ -51.262535095412773, -23.512255836898571 ], [ -51.262535455095495, -23.512238276468512 ], [ -51.262137017171668, -23.512302540649774 ] ] ] ] } },
{ "type": "Feature", "properties": { "ZG": 22, "Area (ha)": 4.62 }, "geometry": { "type": "MultiPolygon", "coordinates": [ [ [ [ -51.255833149180596, -23.513362549582258 ], [ -51.255598054608946, -23.513250113047988 ], [ -51.255245480966231, -23.513264803616437 ], [ -51.254936979028848, -23.513397018732455 ], [ -51.254716620502151, -23.51364675839605 ], [ -51.254540333680787, -23.513911188628089 ], [ -51.254422809133217, -23.51420499999702 ], [ -51.254305284585641, -23.514719169892654 ], [ -51.254261212880301, -23.515159886946051 ], [ -51.254261212880301, -23.515541841725664 ], [ -51.254261212880301, -23.515776890820813 ], [ -51.254305284585641, -23.516158845600426 ], [ -51.254378737427878, -23.516393894695572 ], [ -51.254496261975447, -23.516584872085378 ], [ -51.254613786523024, -23.516849302317418 ], [ -51.254672548796812, -23.51727532880237 ], [ -51.254657858228363, -23.517510377897516 ], [ -51.254599095954575, -23.517686664718877 ], [ -51.254584405386133, -23.517730736424216 ], [ -51.254525643112345, -23.517818879834895 ], [ -51.25431997515409, -23.518215525182953 ], [ -51.254279792412653, -23.518356164777977 ], [ -51.254317935763218, -23.518368535594377 ], [ -51.254355083747342, -23.518363106273618 ], [ -51.254623669501015, -23.518323851432697 ], [ -51.254640502412258, -23.518235215849671 ], [ -51.255005282838283, -23.51793024911759 ], [ -51.255144757707058, -23.517831872601725 ], [ -51.255206915400819, -23.517702976765168 ], [ -51.255209267198801, -23.517646533613572 ], [ -51.255166934835103, -23.517592442259964 ], [ -51.255098732693597, -23.517486611350726 ], [ -51.255235136976616, -23.517425464603164 ], [ -51.255416225421314, -23.517364317855606 ], [ -51.255557333300295, -23.51738313223947 ], [ -51.255703144775246, -23.517385484037455 ], [ -51.255745572526394, -23.517330151227348 ], [ -51.255750180734907, -23.517265542340315 ], [ -51.255713386018215, -23.51716291034435 ], [ -51.255691928346096, -23.516907129759467 ], [ -51.255530995805202, -23.516611997697918 ], [ -51.255399762835438, -23.516122568520547 ], [ -51.255319801704012, -23.515915610298038 ], [ -51.255239840572585, -23.515539322620747 ], [ -51.254967032006554, -23.515023102963461 ], [ -51.254930180985866, -23.514900218695551 ], [ -51.254929403238826, -23.514829079629859 ], [ -51.254940909821926, -23.514605082135642 ], [ -51.255112571198879, -23.514191889840472 ], [ -51.255530995805202, -23.513601612883999 ], [ -51.255576147684152, -23.513487378880523 ], [ -51.255676192389558, -23.5134387857379 ], [ -51.255833149180596, -23.513362549582258 ] ] ] ] } },
{ "type": "Feature", "properties": { "ZG": 16, "Area (ha)": 12.36 }, "geometry": { "type": "MultiPolygon", "coordinates": [ [ [ [ -51.261408478565436, -23.508039220790394 ], [ -51.261360430082064, -23.508104741449539 ], [ -51.261294322524058, -23.508192884860218 ], [ -51.261198833829155, -23.508332445260461 ], [ -51.26106661871313, -23.508501386797597 ], [ -51.2609931658709, -23.508582184924055 ], [ -51.260765462059979, -23.508802543450756 ], [ -51.260699354501966, -23.508875996292989 ], [ -51.260647937512402, -23.508912722714104 ], [ -51.260552448817499, -23.509030247261677 ], [ -51.260420233701481, -23.509191843514589 ], [ -51.260354126143469, -23.509279986925272 ], [ -51.260243946880124, -23.50939016618862 ], [ -51.260111731764098, -23.509566453009981 ], [ -51.259957480795414, -23.509779466252457 ], [ -51.259722431700261, -23.510132039895176 ], [ -51.259685705279146, -23.510227528590079 ], [ -51.259619597721141, -23.510506649390564 ], [ -51.259641633573807, -23.510844532464837 ], [ -51.259685705279146, -23.510976747580859 ], [ -51.259751812837159, -23.511167724970662 ], [ -51.259835098882505, -23.511306535046245 ], [ -51.259931772300703, -23.511134671191673 ], [ -51.260019915711382, -23.510870240959633 ], [ -51.260137440258958, -23.510605810727593 ], [ -51.260372489354104, -23.510414833337787 ], [ -51.260813206407505, -23.510444214474681 ], [ -51.261033564934202, -23.510576429590703 ], [ -51.261107017776439, -23.510767406980509 ], [ -51.261121708344881, -23.510987765507206 ], [ -51.26109232720799, -23.511193433465461 ], [ -51.260974802660414, -23.511413791992158 ], [ -51.260974802660414, -23.511663531655753 ], [ -51.261033564934202, -23.511898580750898 ], [ -51.26113639891333, -23.512016105298471 ], [ -51.261400829145366, -23.512236463825172 ], [ -51.261606497103621, -23.512295226098956 ], [ -51.262091285862361, -23.512309916667405 ], [ -51.262535455095495, -23.512238276468512 ], [ -51.262537141372995, -23.512155949026958 ], [ -51.262537537467608, -23.512136610895631 ], [ -51.262564556809707, -23.51196525225852 ], [ -51.262562108942461, -23.511875399607082 ], [ -51.262607998498765, -23.511790095093531 ], [ -51.262689379672281, -23.51177456530343 ], [ -51.262760834625738, -23.51180305157472 ], [ -51.26284926954304, -23.511807334772492 ], [ -51.262940543294576, -23.511825555684219 ], [ -51.262997595092997, -23.511841445748839 ], [ -51.263105502708413, -23.51187030039431 ], [ -51.263191599128049, -23.511883025543948 ], [ -51.263277304649193, -23.511895692468229 ], [ -51.263367628167089, -23.51190826468919 ], [ -51.263454676366223, -23.51194503430067 ], [ -51.26357365714, -23.51201424509556 ], [ -51.263653678817548, -23.512082295660321 ], [ -51.263690438675255, -23.512201239358575 ], [ -51.263710428958113, -23.512315301560754 ], [ -51.263840365796504, -23.511905206787258 ], [ -51.263683971230762, -23.511776151873136 ], [ -51.263411162664681, -23.511605940494086 ], [ -51.263138182368834, -23.511476190460229 ], [ -51.262933747674118, -23.511403685867542 ], [ -51.262689203134357, -23.511285108942712 ], [ -51.262642124724216, -23.5111873204531 ], [ -51.262616254946401, -23.511093248533776 ], [ -51.262635069330265, -23.511001528412436 ], [ -51.26267639266166, -23.510834705770399 ], [ -51.262712698355877, -23.510708267235504 ], [ -51.262752150708934, -23.510570870118411 ], [ -51.262833618649402, -23.510381320478558 ], [ -51.262940125270646, -23.510223396867755 ], [ -51.263067026431038, -23.510029705622941 ], [ -51.263079685670888, -23.510010383625279 ], [ -51.26326331777647, -23.509771661888021 ], [ -51.263316820382791, -23.509717380495367 ], [ -51.263376055510641, -23.509657283138342 ], [ -51.26348254296434, -23.509520575517314 ], [ -51.263640738682341, -23.509287671213389 ], [ -51.263781762204943, -23.509087213903179 ], [ -51.263837947675825, -23.509001344145211 ], [ -51.26384957061984, -23.508982908279044 ], [ -51.263929860048904, -23.50883821260058 ], [ -51.264046679854459, -23.508642454110721 ], [ -51.26411793723787, -23.508509674377098 ], [ -51.264188434750167, -23.508410761308699 ], [ -51.264188821055313, -23.508355832417202 ], [ -51.264115461082156, -23.50831334549537 ], [ -51.264043509802093, -23.50829148439448 ], [ -51.263246536805873, -23.508214647802497 ], [ -51.262366441162953, -23.50813486818754 ], [ -51.262222106171819, -23.508119839567289 ], [ -51.261596750520752, -23.508054725539655 ], [ -51.261408478565436, -23.508039220790394 ] ] ] ] } },
{ "type": "Feature", "properties": { "ZG": 20, "Area (ha)": 6.08 }, "geometry": { "type": "MultiPolygon", "coordinates": [ [ [ [ -51.26003759422801, -23.51410805885677 ], [ -51.259711413774006, -23.513999332038768 ], [ -51.259476364678861, -23.513852426354301 ], [ -51.259285387289054, -23.51338232816401 ], [ -51.259290703391557, -23.513153735756259 ], [ -51.259153731228132, -23.513224024381909 ], [ -51.259067292196676, -23.51326838142915 ], [ -51.258826464296931, -23.513256226130778 ], [ -51.258486341845412, -23.513267966288101 ], [ -51.258234812050091, -23.513284103699512 ], [ -51.257956119449261, -23.513222742538979 ], [ -51.257670677324768, -23.513168696227542 ], [ -51.257654992289986, -23.513167063070139 ], [ -51.25741265486846, -23.51318982112133 ], [ -51.257392926257126, -23.51318763586152 ], [ -51.257369236636578, -23.513184711247959 ], [ -51.257178466454434, -23.5131680107623 ], [ -51.256861857562683, -23.513083033119479 ], [ -51.256838243351694, -23.5131792924557 ], [ -51.256790119119842, -23.513383650619321 ], [ -51.256644923946908, -23.51352094686796 ], [ -51.256462402978116, -23.513746311223368 ], [ -51.256387862904091, -23.513892535617419 ], [ -51.256373185921234, -23.513919333915691 ], [ -51.256302536329599, -23.514103617816751 ], [ -51.25630653936247, -23.514222690560619 ], [ -51.256252690457814, -23.514503079785388 ], [ -51.256205752630876, -23.514685649371909 ], [ -51.256097069586303, -23.514863773813449 ], [ -51.256086798207548, -23.51498917243773 ], [ -51.256081777181407, -23.51510747625111 ], [ -51.256096728811485, -23.515245489072338 ], [ -51.256129849957802, -23.515339134218671 ], [ -51.256214642802263, -23.51546660589932 ], [ -51.256251018429396, -23.515575192620108 ], [ -51.25630378883443, -23.51562562732877 ], [ -51.256476267185064, -23.515686612334079 ], [ -51.256646465509789, -23.515675686764752 ], [ -51.256737132921558, -23.515618134736069 ], [ -51.256803285682224, -23.51553753014532 ], [ -51.256900544100404, -23.515406695822179 ], [ -51.256999123983121, -23.515253076427719 ], [ -51.257109957120804, -23.51515388096561 ], [ -51.257241747227624, -23.51507493919479 ], [ -51.257409436494697, -23.514984648564909 ], [ -51.257516604499529, -23.514911429259222 ], [ -51.257623378473909, -23.514870894774329 ], [ -51.257870478113205, -23.514791185282618 ], [ -51.2580042705045, -23.514772780008101 ], [ -51.258320178946178, -23.514692150515671 ], [ -51.258723797272864, -23.51456369515121 ], [ -51.259037014962701, -23.51448194339978 ], [ -51.25946291933451, -23.51434378368609 ], [ -51.259554526287872, -23.514301305922562 ], [ -51.25966106804708, -23.514251902951639 ], [ -51.259857309121116, -23.514175796871751 ], [ -51.26003759422801, -23.51410805885677 ] ] ] ] } },
{ "type": "Feature", "properties": { "ZG": 18, "Area (ha)": 8.64 }, "geometry": { "type": "MultiPolygon", "coordinates": [ [ [ [ -51.259290703391557, -23.513153735756259 ], [ -51.259285387289054, -23.51338232816401 ], [ -51.259476364678861, -23.513852426354301 ], [ -51.259711413774006, -23.513999332038768 ], [ -51.26003759422801, -23.51410805885677 ], [ -51.260048834970235, -23.514103835404381 ], [ -51.260207535595896, -23.514028760669529 ], [ -51.260350580376439, -23.513975882096052 ], [ -51.26050761093444, -23.51389512146558 ], [ -51.260641598305824, -23.513849723347811 ], [ -51.260705372892801, -23.513928525731011 ], [ -51.260742782130251, -23.514020072595201 ], [ -51.260790516879752, -23.514158124255289 ], [ -51.260698806656194, -23.514201617178411 ], [ -51.260662754556805, -23.514216216671173 ], [ -51.260739753565268, -23.514337215113041 ], [ -51.260827896975947, -23.51446943022906 ], [ -51.261004183797311, -23.514601645345081 ], [ -51.261356757440026, -23.514601645345081 ], [ -51.261591806535172, -23.514528192502848 ], [ -51.261724021651197, -23.514351905681487 ], [ -51.261841546198767, -23.51416092829168 ], [ -51.261973761314785, -23.513896498059641 ], [ -51.262194119841489, -23.513529233848477 ], [ -51.262355716094397, -23.513161969637309 ], [ -51.262296953820616, -23.512794705426145 ], [ -51.262223500978379, -23.512574346899445 ], [ -51.262137017171668, -23.512302540649774 ], [ -51.262091285862361, -23.512309916667405 ], [ -51.261606497103621, -23.512295226098956 ], [ -51.261400829145366, -23.512236463825172 ], [ -51.26113639891333, -23.512016105298471 ], [ -51.261033564934202, -23.511898580750898 ], [ -51.260974802660414, -23.511663531655753 ], [ -51.260974802660414, -23.511413791992158 ], [ -51.26109232720799, -23.511193433465461 ], [ -51.261121708344881, -23.510987765507206 ], [ -51.261107017776439, -23.510767406980509 ], [ -51.261033564934202, -23.510576429590703 ], [ -51.260813206407505, -23.510444214474681 ], [ -51.260372489354104, -23.510414833337787 ], [ -51.260137440258958, -23.510605810727593 ], [ -51.260019915711382, -23.510870240959633 ], [ -51.259931772300703, -23.511134671191673 ], [ -51.259799557184685, -23.511369720286819 ], [ -51.259608579794879, -23.511634150518859 ], [ -51.259432292973521, -23.511825127908665 ], [ -51.259344149562835, -23.511927961887793 ], [ -51.25910910046769, -23.512353988372745 ], [ -51.259108054417837, -23.512355034422598 ], [ -51.259134193722218, -23.512357508506039 ], [ -51.259385465007199, -23.512381298585311 ], [ -51.259400826045862, -23.51238275273132 ], [ -51.25943868768244, -23.512377692722669 ], [ -51.259473956079319, -23.512372979286869 ], [ -51.259566899606284, -23.51239205549032 ], [ -51.259757918772834, -23.512463270733338 ], [ -51.259932535233304, -23.51249975137809 ], [ -51.259977140009426, -23.512584174417029 ], [ -51.259926176460873, -23.512647579199388 ], [ -51.259918600460196, -23.512657004655178 ], [ -51.259638524956074, -23.51286292950898 ], [ -51.259468297469311, -23.51306260159194 ], [ -51.259290703391557, -23.513153735756259 ] ] ] ] } },
{ "type": "Feature", "properties": { "ZG": 21, "Area (ha)": 7.65 }, "geometry": { "type": "MultiPolygon", "coordinates": [ [ [ [ -51.254279792412653, -23.518356164777977 ], [ -51.25431997515409, -23.518215525182953 ], [ -51.254525643112345, -23.517818879834895 ], [ -51.254584405386133, -23.517730736424216 ], [ -51.254599095954575, -23.517686664718877 ], [ -51.254657858228363, -23.517510377897516 ], [ -51.254672548796812, -23.51727532880237 ], [ -51.254613786523024, -23.516849302317418 ], [ -51.254496261975447, -23.516584872085378 ], [ -51.254378737427878, -23.516393894695572 ], [ -51.254305284585641, -23.516158845600426 ], [ -51.254261212880301, -23.515776890820813 ], [ -51.254261212880301, -23.515541841725664 ], [ -51.254261212880301, -23.515159886946051 ], [ -51.254305284585641, -23.514719169892654 ], [ -51.254422809133217, -23.51420499999702 ], [ -51.254540333680787, -23.513911188628089 ], [ -51.254716620502151, -23.51364675839605 ], [ -51.254936979028848, -23.513397018732455 ], [ -51.255245480966231, -23.513264803616437 ], [ -51.255598054608946, -23.513250113047988 ], [ -51.255833149180596, -23.513362549582258 ], [ -51.255987712331184, -23.513287476051971 ], [ -51.256149986392018, -23.513096980415341 ], [ -51.256121764816221, -23.513014667485933 ], [ -51.25607816644424, -23.513001495265843 ], [ -51.256074728856561, -23.512904132980729 ], [ -51.256118074590631, -23.512832683393444 ], [ -51.256439939672418, -23.512527704148489 ], [ -51.256697431737848, -23.512429323596237 ], [ -51.256757926170636, -23.512343229161768 ], [ -51.256748518978704, -23.51220917667673 ], [ -51.256810841625253, -23.512204473080764 ], [ -51.256829656009117, -23.51213979863623 ], [ -51.256767333362575, -23.512108049363459 ], [ -51.256732056392821, -23.512072772393715 ], [ -51.256730880493834, -23.512028088232036 ], [ -51.256756750271641, -23.511984579969347 ], [ -51.256812017524247, -23.511950478898594 ], [ -51.256862581180883, -23.511916377827841 ], [ -51.256870812473814, -23.511878749060109 ], [ -51.256855525786925, -23.511836416696411 ], [ -51.256797906736338, -23.511802315625658 ], [ -51.256723825099876, -23.511774094049862 ], [ -51.256685020433153, -23.51171882679726 ], [ -51.256688548130128, -23.511634162069868 ], [ -51.2567202974029, -23.511573015322309 ], [ -51.256732056392813, -23.511487174695926 ], [ -51.256739111786764, -23.511416620756435 ], [ -51.256705010716011, -23.511388399180639 ], [ -51.256669733746264, -23.511320197039129 ], [ -51.256656798857357, -23.511277864675431 ], [ -51.256161941015534, -23.511451459127521 ], [ -51.255783105906652, -23.511655328251692 ], [ -51.255823086472368, -23.511747048373028 ], [ -51.255594962068002, -23.511883452656043 ], [ -51.255286876532217, -23.512155085323087 ], [ -51.254918820147864, -23.512484337040721 ], [ -51.254570754046384, -23.5127806635866 ], [ -51.254410831783524, -23.512974686920199 ], [ -51.253945175782874, -23.513525007648237 ], [ -51.253799364307945, -23.513769594638475 ], [ -51.253731162166432, -23.513903647123513 ], [ -51.253707644186605, -23.514155289507702 ], [ -51.253701764691655, -23.514555095164823 ], [ -51.25368177440879, -23.51486553249859 ], [ -51.253690355868855, -23.51509361867404 ], [ -51.253704116489622, -23.515459361489317 ], [ -51.253671191317864, -23.516016737611306 ], [ -51.253664135923913, -23.516237806621714 ], [ -51.253739393459377, -23.51661174250102 ], [ -51.253784077621056, -23.516790479147733 ], [ -51.253762911439203, -23.516978622986379 ], [ -51.25356065681266, -23.517206747390738 ], [ -51.253348994994184, -23.517479555956776 ], [ -51.253292551842591, -23.517599497653912 ], [ -51.253273737458734, -23.517742957330878 ], [ -51.25334664319621, -23.51791463858364 ], [ -51.253431307923599, -23.518069857250524 ], [ -51.253518324448976, -23.51824153850329 ], [ -51.253659432327957, -23.518359128402441 ], [ -51.253800540206946, -23.518387349978241 ], [ -51.254042775399199, -23.518382646382275 ], [ -51.254230919237848, -23.518340314018577 ], [ -51.254279792412653, -23.518356164777977 ] ] ] ] } },
{ "type": "Feature", "properties": { "ZG": 27, "Area (ha)": 8.23 }, "geometry": { "type": "MultiPolygon", "coordinates": [ [ [ [ -51.254571060899146, -23.519749277030968 ], [ -51.254529315754418, -23.519394443300794 ], [ -51.25432364779617, -23.518983107384287 ], [ -51.254128151598842, -23.518845110068529 ], [ -51.253925773449417, -23.519202247979287 ], [ -51.253946150135107, -23.519234824676047 ], [ -51.253962660960951, -23.519324387913485 ], [ -51.253742333206738, -23.51947270474734 ], [ -51.253584762741873, -23.519625571616235 ], [ -51.253427192277002, -23.519724347131525 ], [ -51.25318730888273, -23.519731402525476 ], [ -51.252919203912683, -23.519673783474897 ], [ -51.252515821278415, -23.519684224681036 ], [ -51.252077260234735, -23.519707884545642 ], [ -51.251896930112302, -23.520045695425871 ], [ -51.251893404979796, -23.520052299026528 ], [ -51.251761539051017, -23.520519105074911 ], [ -51.251712383914594, -23.520813280647712 ], [ -51.251712731547364, -23.521089565860706 ], [ -51.251782233522079, -23.521299464992779 ], [ -51.251762119305006, -23.521527000285559 ], [ -51.251705676153414, -23.521738662104035 ], [ -51.251566920072413, -23.521969138306375 ], [ -51.251616307830055, -23.522510051842481 ], [ -51.251626890920974, -23.522709954671043 ], [ -51.251733384682659, -23.522805323670699 ], [ -51.251851487628365, -23.522872228731877 ], [ -51.252089019224655, -23.52293337547944 ], [ -51.252183091143998, -23.522987466833008 ], [ -51.252222703726602, -23.523055114435827 ], [ -51.252380691396183, -23.523128149618532 ], [ -51.252549407901881, -23.523161835738748 ], [ -51.252688357446118, -23.523170184428512 ], [ -51.25290887949609, -23.523183904673093 ], [ -51.253302546983917, -23.523260275399092 ], [ -51.253478931832646, -23.523272034389006 ], [ -51.253502981757151, -23.523192184521129 ], [ -51.253427192277023, -23.523098001338258 ], [ -51.253354901305102, -23.523014065015751 ], [ -51.253236138833586, -23.522930689353622 ], [ -51.253181749378427, -23.52285469159883 ], [ -51.253163790902917, -23.522780508610545 ], [ -51.252724004680083, -23.522557087802152 ], [ -51.252709893892188, -23.522477126670729 ], [ -51.252766337043781, -23.522380702953424 ], [ -51.252836890983268, -23.522223132488556 ], [ -51.252936842397553, -23.522060858427722 ], [ -51.252983878357213, -23.522000887579154 ], [ -51.253028125070273, -23.521970142842772 ], [ -51.253065383986609, -23.521875761531938 ], [ -51.253064799966864, -23.521726348170031 ], [ -51.253100292357374, -23.521490547416814 ], [ -51.253160191451911, -23.521398008774405 ], [ -51.25315785537282, -23.521351247260327 ], [ -51.253120996706457, -23.521257724182313 ], [ -51.253143838898325, -23.52121823894289 ], [ -51.253210980954123, -23.52118845545991 ], [ -51.253270163213301, -23.521335473898269 ], [ -51.253255511024257, -23.521422345275308 ], [ -51.25327197361014, -23.521539935174459 ], [ -51.253347231145597, -23.521664580467561 ], [ -51.253357348618778, -23.521664957119221 ], [ -51.253551544202878, -23.521672186601126 ], [ -51.253844001350217, -23.521653668525289 ], [ -51.254131954419748, -23.521670283818018 ], [ -51.254191432680145, -23.521362979472642 ], [ -51.254294266659272, -23.520569688776522 ], [ -51.2543971006384, -23.520114281154676 ], [ -51.254544006322867, -23.519791088648851 ], [ -51.254571060899146, -23.519749277030968 ] ] ] ] } },
{ "type": "Feature", "properties": { "ZG": 25, "Area (ha)": 5.35 }, "geometry": { "type": "MultiPolygon", "coordinates": [ [ [ [ -51.254128151598842, -23.518845110068529 ], [ -51.25432364779617, -23.518983107384287 ], [ -51.254529315754418, -23.519394443300794 ], [ -51.254571060899146, -23.519749277030968 ], [ -51.254705602575783, -23.519541348985257 ], [ -51.254911270534031, -23.51932099045856 ], [ -51.255351987587431, -23.51910063193186 ], [ -51.255748632935493, -23.518983107384287 ], [ -51.256130587715106, -23.519130013068754 ], [ -51.256277493399573, -23.519644182964385 ], [ -51.256262802831124, -23.520070209449337 ], [ -51.256130587715106, -23.520452164228949 ], [ -51.256101206578208, -23.520716594460989 ], [ -51.256101206578208, -23.521201383219729 ], [ -51.256101206578208, -23.521583337999342 ], [ -51.256427845058987, -23.522009388191659 ], [ -51.256613878544094, -23.521985600892243 ], [ -51.256721617484516, -23.521937007964326 ], [ -51.256863169130298, -23.521762180083851 ], [ -51.256999573413317, -23.521621072204866 ], [ -51.257145406508869, -23.521459895697447 ], [ -51.257193686271137, -23.521263147867316 ], [ -51.257204415107196, -23.521081155862621 ], [ -51.257290245795673, -23.520987700411098 ], [ -51.257134677672809, -23.520972944281116 ], [ -51.2570160359992, -23.521082510466741 ], [ -51.25692901947383, -23.521108380244556 ], [ -51.256834947554502, -23.521044881699012 ], [ -51.256780856200891, -23.520986086749435 ], [ -51.256653859109811, -23.520913181011959 ], [ -51.256533917412668, -23.520819109092635 ], [ -51.25650804763486, -23.52075325874911 ], [ -51.256549956107563, -23.520702414938132 ], [ -51.256625637534007, -23.520605095476178 ], [ -51.25679269602341, -23.520455249006954 ], [ -51.256862433457798, -23.520375319626428 ], [ -51.25687182118935, -23.520279404305718 ], [ -51.256850363517231, -23.520162584269464 ], [ -51.256818177009052, -23.520053142246713 ], [ -51.256710888648456, -23.519772773503636 ], [ -51.25667032169568, -23.519640858303113 ], [ -51.256682080685593, -23.519490343232196 ], [ -51.256743227433148, -23.519396271312871 ], [ -51.256877185607379, -23.519275978299561 ], [ -51.257066599655836, -23.519224590060116 ], [ -51.257106580221539, -23.519171674605492 ], [ -51.25715596797918, -23.519074074989195 ], [ -51.257150770926899, -23.518975932763301 ], [ -51.257160158658451, -23.518839436411902 ], [ -51.257060720160865, -23.518588428705684 ], [ -51.25695253745365, -23.518456728018634 ], [ -51.256876513376625, -23.518303762235206 ], [ -51.256794966988778, -23.518277991371921 ], [ -51.256605403788669, -23.518093921127978 ], [ -51.256524937518222, -23.518054570563535 ], [ -51.256406920321567, -23.518054570563535 ], [ -51.256228183674857, -23.518023997189754 ], [ -51.256134111755529, -23.517965202240177 ], [ -51.255937804527562, -23.517847397108088 ], [ -51.255889524765294, -23.517852315936992 ], [ -51.255748416886306, -23.517894648300686 ], [ -51.255649641371022, -23.517941684260347 ], [ -51.255513237088003, -23.51800518280589 ], [ -51.25539799898683, -23.518146290684875 ], [ -51.255299223471539, -23.518160401472773 ], [ -51.255127542218773, -23.518292102159826 ], [ -51.254906473208365, -23.518416747452932 ], [ -51.254787946193971, -23.518424658346262 ], [ -51.254711273975772, -23.518409692058981 ], [ -51.254617202056444, -23.518376766887219 ], [ -51.254384374056123, -23.518409692058984 ], [ -51.254245617975123, -23.51863781646334 ], [ -51.254178202180185, -23.518756785513222 ], [ -51.254128151598842, -23.518845110068529 ] ] ] ] } },
{ "type": "Feature", "properties": { "ZG": 30, "Area (ha)": 6.55 }, "geometry": { "type": "MultiPolygon", "coordinates": [ [ [ [ -51.249994101373389, -23.524519581195015 ], [ -51.249872405556815, -23.524359855435758 ], [ -51.249740190440789, -23.524066044066824 ], [ -51.249461069640304, -23.523713470424106 ], [ -51.24906442429225, -23.523434349623621 ], [ -51.248711850649528, -23.523360896781387 ], [ -51.248344586438364, -23.523346206212938 ], [ -51.248216497023755, -23.5233221894477 ], [ -51.248206245202205, -23.523381137421627 ], [ -51.248182682774789, -23.523516621379247 ], [ -51.248036543581414, -23.523605342483137 ], [ -51.248004739706857, -23.52362465061529 ], [ -51.247834654620192, -23.52362156943645 ], [ -51.247725479000565, -23.523582436311479 ], [ -51.247399167878768, -23.523685845129869 ], [ -51.247380638321147, -23.52368923543688 ], [ -51.247106975653367, -23.523774415201139 ], [ -51.246945068467369, -23.52380108579985 ], [ -51.246708105439396, -23.523975221985943 ], [ -51.246482332833018, -23.524161014026607 ], [ -51.246463518449154, -23.524257437743913 ], [ -51.24644470406529, -23.524377379441049 ], [ -51.246103249220255, -23.524358384240958 ], [ -51.245939190141655, -23.524365675106321 ], [ -51.245615760792475, -23.524331590872489 ], [ -51.245616871175258, -23.524375027643067 ], [ -51.245586297801474, -23.524445581582558 ], [ -51.245555724427696, -23.524899478593291 ], [ -51.245798493542395, -23.524988661424981 ], [ -51.247220797399699, -23.525148769179498 ], [ -51.247613267249179, -23.525232536715478 ], [ -51.247850161882752, -23.525283098764429 ], [ -51.248315858747105, -23.5253441316971 ], [ -51.248844125957554, -23.525401587462699 ], [ -51.249201599250981, -23.525460382412273 ], [ -51.249363873311808, -23.525450975220341 ], [ -51.249451441261215, -23.525401945959171 ], [ -51.249481463210962, -23.525298108351443 ], [ -51.249517190046845, -23.525225003892171 ], [ -51.249566127938351, -23.525109964512797 ], [ -51.249690773231457, -23.524903006290288 ], [ -51.249716643009272, -23.52476895380525 ], [ -51.249653429853993, -23.524681047579758 ], [ -51.249589645918185, -23.524644308512148 ], [ -51.249582002574712, -23.524599624350451 ], [ -51.249628373715943, -23.52453122691713 ], [ -51.249629038534373, -23.524530246309947 ], [ -51.249697828625408, -23.52451495962308 ], [ -51.249862454484209, -23.524517311421061 ], [ -51.249994101373389, -23.524519581195015 ] ], [ [ -51.247756419390271, -23.524019318198061 ], [ -51.247664699268931, -23.524216869228638 ], [ -51.247589441733474, -23.524374439693503 ], [ -51.247554164763727, -23.524414420259216 ], [ -51.247530004581215, -23.52442166831397 ], [ -51.247507128804067, -23.524428531047114 ], [ -51.247485962622214, -23.524428531047114 ], [ -51.24747890722827, -23.524412068461231 ], [ -51.247490666218184, -23.524390902279386 ], [ -51.24751418419801, -23.524365032501571 ], [ -51.247540053975825, -23.524325051935858 ], [ -51.24755886835969, -23.524301533956027 ], [ -51.247582386339523, -23.524259201592333 ], [ -51.247608256117338, -23.52420275844074 ], [ -51.247624718703214, -23.524169833268974 ], [ -51.247664699268931, -23.524082816743601 ], [ -51.24775406759229, -23.523904080096887 ], [ -51.247909286259173, -23.52375826862194 ], [ -51.248025676421044, -23.523695730624514 ], [ -51.248066856724037, -23.523673603894547 ], [ -51.248323202704192, -23.523603049955057 ], [ -51.24846718026064, -23.523574589275292 ], [ -51.248525457330736, -23.523563069389343 ], [ -51.248699490381483, -23.523506626237751 ], [ -51.248777099714921, -23.523473701065985 ], [ -51.248800617694755, -23.523457238480106 ], [ -51.248819432078619, -23.52343136870229 ], [ -51.248842950058446, -23.523398443530528 ], [ -51.248857060846348, -23.523452534884139 ], [ -51.248845301856434, -23.523471349268004 ], [ -51.248812376684668, -23.523501922641785 ], [ -51.248777099714921, -23.523525440621615 ], [ -51.24873476735123, -23.523544255005479 ], [ -51.248694786785514, -23.523565421187325 ], [ -51.248628936441989, -23.52359129096514 ], [ -51.248574845088378, -23.523605401753038 ], [ -51.248522405150929, -23.523612488231073 ], [ -51.248487828563007, -23.523617160742955 ], [ -51.248381997653766, -23.523643030520766 ], [ -51.248076263915969, -23.523751213227989 ], [ -51.247942211430932, -23.523817063571514 ], [ -51.247845787713629, -23.523899376500921 ], [ -51.247756419390271, -23.524019318198061 ] ] ] ] } },
{ "type": "Feature", "properties": { "ZG": 17, "Area (ha)": 11.79 }, "geometry": { "type": "MultiPolygon", "coordinates": [ [ [ [ -51.259835098882505, -23.511306535046245 ], [ -51.259751812837159, -23.511167724970662 ], [ -51.259685705279146, -23.510976747580859 ], [ -51.259641633573807, -23.510844532464837 ], [ -51.259619597721141, -23.510506649390564 ], [ -51.259685705279146, -23.510227528590079 ], [ -51.259722431700261, -23.510132039895176 ], [ -51.259957480795414, -23.509779466252457 ], [ -51.260111731764098, -23.509566453009981 ], [ -51.260243946880124, -23.50939016618862 ], [ -51.260354126143469, -23.509279986925272 ], [ -51.260420233701481, -23.509191843514589 ], [ -51.260552448817499, -23.509030247261677 ], [ -51.260647937512402, -23.508912722714104 ], [ -51.260699354501966, -23.508875996292989 ], [ -51.260765462059979, -23.508802543450756 ], [ -51.2609931658709, -23.508582184924055 ], [ -51.26106661871313, -23.508501386797597 ], [ -51.261198833829155, -23.508332445260461 ], [ -51.261294322524058, -23.508192884860218 ], [ -51.261360430082064, -23.508104741449539 ], [ -51.261408478565436, -23.508039220790394 ], [ -51.260997042035072, -23.508005337782009 ], [ -51.260411444337286, -23.50794889463041 ], [ -51.260268418992951, -23.507954805653888 ], [ -51.260016342276131, -23.508054725539647 ], [ -51.259802993621975, -23.508111510824818 ], [ -51.259484205606043, -23.508196360051851 ], [ -51.259302093335236, -23.508241555965071 ], [ -51.259142231180761, -23.50826760251196 ], [ -51.258971567726348, -23.508382629194209 ], [ -51.258875405883067, -23.508435084651829 ], [ -51.258782653781452, -23.508485680124728 ], [ -51.258590121021712, -23.508676930041378 ], [ -51.258265533083545, -23.508899997633659 ], [ -51.258072689587721, -23.50908871889235 ], [ -51.257841179823913, -23.509322862359131 ], [ -51.257569997131498, -23.50954704643566 ], [ -51.257432892191744, -23.509665707158049 ], [ -51.257282377120831, -23.509778593461238 ], [ -51.257214174979318, -23.509837388410816 ], [ -51.257228285767219, -23.509891479764427 ], [ -51.257268266332929, -23.509959681905933 ], [ -51.257324709484521, -23.510058457421223 ], [ -51.257363916858374, -23.510132167284066 ], [ -51.257383504434102, -23.510168991926427 ], [ -51.257397615222004, -23.510244249461884 ], [ -51.2574258367978, -23.510328914189277 ], [ -51.257390559828053, -23.510481781058175 ], [ -51.257280025322849, -23.510681683886737 ], [ -51.257173220015432, -23.510829625947689 ], [ -51.257013753053457, -23.511010487352699 ], [ -51.256790851342387, -23.511216717927873 ], [ -51.256732056392813, -23.511240235907703 ], [ -51.256710890210968, -23.51129785495829 ], [ -51.256710890210968, -23.51134371501896 ], [ -51.256730880493819, -23.511374288392737 ], [ -51.256792027241382, -23.511410741261475 ], [ -51.256781444150448, -23.511508340877775 ], [ -51.256741463584738, -23.51162005128197 ], [ -51.256715593806923, -23.51166003184769 ], [ -51.256715593806923, -23.511710595504326 ], [ -51.256740287685744, -23.511748224272054 ], [ -51.25679085134238, -23.511774094049869 ], [ -51.256836711403039, -23.511790556635749 ], [ -51.256884923261708, -23.511843472090366 ], [ -51.256902561746585, -23.511894035746998 ], [ -51.256871988372801, -23.511923433221792 ], [ -51.256859053483907, -23.511946951201619 ], [ -51.256841414999016, -23.511957534292549 ], [ -51.256809665726244, -23.511977524575403 ], [ -51.256764981564565, -23.512008097949185 ], [ -51.256748518978682, -23.512031615929015 ], [ -51.256749694877676, -23.512057485706826 ], [ -51.256768509261541, -23.512088059080607 ], [ -51.256821424716158, -23.512108049363466 ], [ -51.25688727505969, -23.512112752959432 ], [ -51.256989339629115, -23.512145732436171 ], [ -51.257192817954376, -23.512153127471318 ], [ -51.257329976447068, -23.512176195771659 ], [ -51.257685655371063, -23.51224111009466 ], [ -51.257857551083248, -23.512248069927772 ], [ -51.258058479826957, -23.512257808157141 ], [ -51.258229025476112, -23.512280282619461 ], [ -51.258475994511855, -23.51231820839989 ], [ -51.258654115894501, -23.51230869283296 ], [ -51.258882592756038, -23.51232110428122 ], [ -51.25891948625582, -23.512326863456043 ], [ -51.259087461453589, -23.512353084837471 ], [ -51.259103050826639, -23.512354560833021 ], [ -51.259108054417837, -23.512355034422598 ], [ -51.25910910046769, -23.512353988372745 ], [ -51.259344149562835, -23.511927961887793 ], [ -51.259432292973521, -23.511825127908665 ], [ -51.259608579794879, -23.511634150518859 ], [ -51.259799557184685, -23.511369720286819 ], [ -51.259835098882505, -23.511306535046245 ] ], [ [ -51.258044947616582, -23.511088544937635 ], [ -51.257962634687175, -23.511076785947719 ], [ -51.257908543333564, -23.511043860775956 ], [ -51.257847396586008, -23.510987417624364 ], [ -51.257828582202144, -23.510930974472767 ], [ -51.257840341192058, -23.510890993907054 ], [ -51.257885025353737, -23.510858068735292 ], [ -51.257939296639954, -23.510843457235158 ], [ -51.257946172101292, -23.510841606149413 ], [ -51.257986152667009, -23.510846309745379 ], [ -51.258026133232718, -23.510858068735292 ], [ -51.258101390768175, -23.511006232008228 ], [ -51.258091983576243, -23.511043860775956 ], [ -51.25806712697559, -23.511067474546575 ], [ -51.258044947616582, -23.511088544937635 ] ] ] ] } },
{ "type": "Feature", "properties": { "ZG": 28, "Area (ha)": 10.41 }, "geometry": { "type": "MultiPolygon", "coordinates": [ [ [ [ -51.248342605037635, -23.522740528044832 ], [ -51.24822971873445, -23.523145037297922 ], [ -51.248220311542518, -23.523300255964806 ], [ -51.248216497023755, -23.5233221894477 ], [ -51.248344586438364, -23.523346206212938 ], [ -51.248711850649528, -23.523360896781387 ], [ -51.24906442429225, -23.523434349623621 ], [ -51.249461069640304, -23.523713470424106 ], [ -51.249740190440789, -23.524066044066824 ], [ -51.249872405556815, -23.524359855435758 ], [ -51.249994101373389, -23.524519581195015 ], [ -51.249998858767228, -23.524519663219046 ], [ -51.250177595413938, -23.524463220067449 ], [ -51.250292833515111, -23.524373851744095 ], [ -51.250405719818296, -23.524315056794517 ], [ -51.250605622646859, -23.524260965440906 ], [ -51.250744378727859, -23.524185707905449 ], [ -51.250851769179803, -23.524126425752577 ], [ -51.250939577960459, -23.524093987784116 ], [ -51.251073630445489, -23.524004619460754 ], [ -51.25112537000112, -23.523964638895041 ], [ -51.251160646970867, -23.523879974167649 ], [ -51.251186526628565, -23.523771140082889 ], [ -51.251162335281229, -23.523641756231619 ], [ -51.251079902504522, -23.523551838490746 ], [ -51.250840802445168, -23.523308487257765 ], [ -51.25074673052584, -23.523146213196931 ], [ -51.250742026929878, -23.52296042115627 ], [ -51.250784359293569, -23.522776980913591 ], [ -51.250819661274875, -23.52261101460115 ], [ -51.250856248213722, -23.522355237918362 ], [ -51.250825573579625, -23.522295139204651 ], [ -51.25079847008147, -23.522193735013783 ], [ -51.250794679576593, -23.522183962398032 ], [ -51.250689600304476, -23.522006107627647 ], [ -51.250624853444528, -23.521853078665927 ], [ -51.250576813121548, -23.521550518265414 ], [ -51.250565054131634, -23.521211859355851 ], [ -51.250557998737683, -23.520906125618055 ], [ -51.250612090091302, -23.520428710627492 ], [ -51.250579164919543, -23.52000538699053 ], [ -51.250587973102483, -23.519786111007861 ], [ -51.250603487162607, -23.519594393048841 ], [ -51.25055094334374, -23.519323365575442 ], [ -51.250463140948114, -23.519271784644399 ], [ -51.25037468021003, -23.51923342673296 ], [ -51.250293780776474, -23.519183620597101 ], [ -51.250196838499846, -23.519165414279129 ], [ -51.250202877242245, -23.519379808727034 ], [ -51.25008999093906, -23.519751392808359 ], [ -51.250019436999565, -23.519927777657092 ], [ -51.249902600804774, -23.520311988989963 ], [ -51.249908314544776, -23.520346985647489 ], [ -51.249903610948813, -23.520439881667819 ], [ -51.249875389373017, -23.520639784496382 ], [ -51.249833057009312, -23.52076795748647 ], [ -51.249775437958725, -23.520854974011844 ], [ -51.249694300928311, -23.520954925426125 ], [ -51.249599053109996, -23.521025479365615 ], [ -51.249492046301768, -23.521100736901076 ], [ -51.249221589533704, -23.52123008579014 ], [ -51.249085185250692, -23.521338268497363 ], [ -51.249034621594056, -23.52139706344694 ], [ -51.249000520523296, -23.521477024578363 ], [ -51.248985233836407, -23.521548754416848 ], [ -51.248992289230358, -23.521688686396839 ], [ -51.249012279513217, -23.521814507588935 ], [ -51.249015532155106, -23.521840528724081 ], [ -51.249016983109179, -23.521852136356664 ], [ -51.249012279513217, -23.521870950740528 ], [ -51.249007575917247, -23.521876830235485 ], [ -51.248996992826321, -23.521870950740528 ], [ -51.248979354341451, -23.521845080962716 ], [ -51.248956948307594, -23.521801389196707 ], [ -51.248955836361617, -23.521799220902047 ], [ -51.248937021977753, -23.521753360841377 ], [ -51.248924087088845, -23.521663992518018 ], [ -51.248945253270712, -23.521493487164246 ], [ -51.24897112304852, -23.521370017770135 ], [ -51.249015807210199, -23.521332389002406 ], [ -51.249116934523471, -23.52123008579014 ], [ -51.249262745998408, -23.521145421062759 ], [ -51.249449713938077, -23.521052525042421 ], [ -51.249536730463447, -23.521005489082761 ], [ -51.24960022900899, -23.520956101325115 ], [ -51.249659023958571, -23.520899658173519 ], [ -51.249741336887979, -23.520779716476383 ], [ -51.249816594423436, -23.520648015789334 ], [ -51.249863630383096, -23.520441057566821 ], [ -51.249868095111275, -23.520336136454564 ], [ -51.249687833483947, -23.520374619273881 ], [ -51.249579650776731, -23.520496912768998 ], [ -51.249255026663, -23.520563955323709 ], [ -51.249142152700472, -23.520514599521452 ], [ -51.249038803748256, -23.520495278537464 ], [ -51.249002872321284, -23.520526898193197 ], [ -51.248939373775741, -23.520573934152857 ], [ -51.24885000545239, -23.520620970112518 ], [ -51.248537216320635, -23.520698579445959 ], [ -51.248200909209061, -23.52075267079957 ], [ -51.248071560319993, -23.520766781587469 ], [ -51.248017468966381, -23.520783244173348 ], [ -51.247965729410751, -23.520818521143095 ], [ -51.247930452441004, -23.520896130476537 ], [ -51.247890471875294, -23.521016072173673 ], [ -51.247890471875294, -23.521124254880895 ], [ -51.247902230865208, -23.521364138275167 ], [ -51.247942211430924, -23.521608725265409 ], [ -51.247983643769139, -23.52177663526767 ], [ -51.248013353319998, -23.521778642669755 ], [ -51.24812153602722, -23.521764531881857 ], [ -51.248227366936455, -23.521924454144706 ], [ -51.248290865482005, -23.522157282145031 ], [ -51.248352012229567, -23.522444201498967 ], [ -51.248351178438419, -23.522470465920222 ], [ -51.248348280808301, -23.522561741268976 ], [ -51.248342605037635, -23.522740528044832 ] ] ] ] } },
{ "type": "Feature", "properties": { "ZG": 29, "Area (ha)": 8.24 }, "geometry": { "type": "MultiPolygon", "coordinates": [ [ [ [ -51.247653528228589, -23.521769235477823 ], [ -51.24783932026925, -23.521766883679842 ], [ -51.247935157936666, -23.521773359197908 ], [ -51.247935156036974, -23.521773351124224 ], [ -51.247923397047053, -23.521719259770613 ], [ -51.24791163805714, -23.521691038194817 ], [ -51.247834028723702, -23.52107486712325 ], [ -51.247852055542801, -23.520936199284044 ], [ -51.247864602097479, -23.520839687324944 ], [ -51.247892823673276, -23.520766781587469 ], [ -51.247909286259159, -23.520740911809654 ], [ -51.247953970420838, -23.520731504617721 ], [ -51.248015117168393, -23.520731504617721 ], [ -51.248066856724023, -23.520722097425789 ], [ -51.248109189087721, -23.520717393829823 ], [ -51.248212668198974, -23.520698579445959 ], [ -51.248541919916605, -23.520646839890333 ], [ -51.248779451512895, -23.52058569314277 ], [ -51.248904096805994, -23.520533953587144 ], [ -51.248979893295193, -23.520475648595458 ], [ -51.248911740149531, -23.520339342304133 ], [ -51.248947017119278, -23.520198234425148 ], [ -51.249029330048685, -23.520115921495741 ], [ -51.249393858736063, -23.519810187757937 ], [ -51.249502041443286, -23.519638506505174 ], [ -51.249462060877569, -23.519368049737121 ], [ -51.249461744207771, -23.519353976851239 ], [ -51.24943383930178, -23.518958836888068 ], [ -51.249297435018761, -23.51885300597883 ], [ -51.249175141523637, -23.518834191594966 ], [ -51.249062012109299, -23.518814403077652 ], [ -51.24899553441147, -23.518831855074414 ], [ -51.248888222169704, -23.518907097332441 ], [ -51.248874111381809, -23.519271626019815 ], [ -51.248852296451446, -23.519400306128819 ], [ -51.248697726533074, -23.519353938949223 ], [ -51.248594398720343, -23.519279358897329 ], [ -51.248479009320654, -23.51905526060537 ], [ -51.248403751785197, -23.518958836888064 ], [ -51.248307328067888, -23.518930615312268 ], [ -51.248182682774782, -23.518902393736472 ], [ -51.24766058362254, -23.519017631837642 ], [ -51.247559724754353, -23.51912360686773 ], [ -51.247532421742505, -23.519247776234181 ], [ -51.247500590081643, -23.519388457984949 ], [ -51.247398617459964, -23.519468470432582 ], [ -51.247277649495629, -23.519516582394729 ], [ -51.247145539864263, -23.519579711555597 ], [ -51.247046764348973, -23.519551489979801 ], [ -51.24694944120381, -23.519567122909059 ], [ -51.246944845487803, -23.51964187984354 ], [ -51.246978273587047, -23.51973408312697 ], [ -51.247046764348973, -23.519777262586175 ], [ -51.247281944147275, -23.519887797091378 ], [ -51.247288492696043, -23.519988680782529 ], [ -51.24735327577082, -23.520153232067042 ], [ -51.24734378570497, -23.520269796583399 ], [ -51.247282566395185, -23.520259485972254 ], [ -51.247281944147254, -23.5202593811727 ], [ -51.247279805050177, -23.520254147371908 ], [ -51.24726896138008, -23.520233182943056 ], [ -51.247260964029557, -23.520208048412837 ], [ -51.247259877855868, -23.52020539083513 ], [ -51.247078442576537, -23.52011497771943 ], [ -51.246967264438489, -23.520190239750821 ], [ -51.246931573279674, -23.5204109197091 ], [ -51.24691001274433, -23.520601190050026 ], [ -51.246896401339164, -23.520721309827241 ], [ -51.246902971770702, -23.520808831850029 ], [ -51.246875141150973, -23.52093914853052 ], [ -51.246870379500216, -23.521056640688961 ], [ -51.246847786898627, -23.521188809930749 ], [ -51.246839806126445, -23.521275357901391 ], [ -51.246795839424635, -23.521288734794759 ], [ -51.246725150402426, -23.52126351364997 ], [ -51.246649645175182, -23.521262249035022 ], [ -51.246449407661252, -23.521258895315512 ], [ -51.246124859539592, -23.521216562951818 ], [ -51.246070946725581, -23.52152296294711 ], [ -51.246021380428338, -23.521879769983038 ], [ -51.245906228670862, -23.522540642728746 ], [ -51.245826181195739, -23.523062724368526 ], [ -51.245734461074399, -23.523403735076073 ], [ -51.245725053882467, -23.523500158793379 ], [ -51.245767914913522, -23.523573826190493 ], [ -51.245800311417931, -23.523629507682436 ], [ -51.245925419698985, -23.523756761798747 ], [ -51.24598845525658, -23.523829410510999 ], [ -51.246117804145648, -23.523876446470659 ], [ -51.246233042246814, -23.523878798268644 ], [ -51.246291526304788, -23.5238314366797 ], [ -51.246386631690143, -23.523693341666529 ], [ -51.246425889681426, -23.523566009136896 ], [ -51.246477571924629, -23.52344951491126 ], [ -51.246541709837686, -23.52335511687836 ], [ -51.246762196793007, -23.523222646631368 ], [ -51.246912711863928, -23.523121519318096 ], [ -51.247096152106607, -23.523034502792722 ], [ -51.247256074369453, -23.522931023681465 ], [ -51.247392478652472, -23.522865173337941 ], [ -51.24752653113751, -23.52276639782265 ], [ -51.247543131631687, -23.522703877656721 ], [ -51.247548420307965, -23.522546350419539 ], [ -51.247516756409823, -23.522389927366891 ], [ -51.247430376675538, -23.522268975974651 ], [ -51.247309403442841, -23.522156490348198 ], [ -51.247343090894823, -23.522039692245876 ], [ -51.247408941238348, -23.521898584366895 ], [ -51.247491254167755, -23.521809216043536 ], [ -51.247520354095037, -23.521802046496234 ], [ -51.247653528228589, -23.521769235477823 ] ], [ [ -51.247473415348274, -23.520564039566587 ], [ -51.247481259026294, -23.520543360779076 ], [ -51.247514184198053, -23.520536305385129 ], [ -51.247671754662917, -23.520482214031517 ], [ -51.247770530178208, -23.520489269425465 ], [ -51.24778464096611, -23.520508083809332 ], [ -51.247749363996363, -23.520620970112518 ], [ -51.247652940279053, -23.520684468658061 ], [ -51.247584546471693, -23.520702953470863 ], [ -51.247565923753683, -23.520707986637891 ], [ -51.247481259026294, -23.520677413264114 ], [ -51.247455389248479, -23.520611562920585 ], [ -51.247473415348274, -23.520564039566587 ] ], [ [ -51.248962891755617, -23.519532087646354 ], [ -51.248955836361674, -23.519583827201984 ], [ -51.248915855795957, -23.519661436535426 ], [ -51.248861764442346, -23.519715527889037 ], [ -51.248765340725043, -23.519760212050713 ], [ -51.248680675997655, -23.519757860252732 ], [ -51.24861482565413, -23.519668491929373 ], [ -51.248640695431938, -23.519607345181814 ], [ -51.248664213411772, -23.51958853079795 ], [ -51.248715952967402, -23.519539143040305 ], [ -51.248779451512938, -23.519480348090728 ], [ -51.248899393210081, -23.51948975528266 ], [ -51.248944077371753, -23.519510921464509 ], [ -51.248962891755617, -23.519532087646354 ] ] ] ] } },
{ "type": "Feature", "properties": { "ZG": 14, "Area (ha)": 10.04 }, "geometry": { "type": "MultiPolygon", "coordinates": [ [ [ [ -51.265168715109525, -23.50898691008517 ], [ -51.265334228846811, -23.509111045388135 ], [ -51.265495825099727, -23.509448928462408 ], [ -51.265716183626424, -23.509786811536681 ], [ -51.265965923290018, -23.509889645515809 ], [ -51.266068757269146, -23.509963098358043 ], [ -51.266112828974485, -23.510080622905615 ], [ -51.266112828974485, -23.510198147453188 ], [ -51.266009994995358, -23.5103597437061 ], [ -51.26580432703711, -23.510418505979889 ], [ -51.26534891941526, -23.510477268253673 ], [ -51.265040417477884, -23.510491958822122 ], [ -51.26479067781429, -23.510521339959013 ], [ -51.264438104171568, -23.510712317348819 ], [ -51.264254138189486, -23.510896283330897 ], [ -51.264632754203667, -23.511134671191673 ], [ -51.264955946709492, -23.511164052328567 ], [ -51.265235067509977, -23.511119980623228 ], [ -51.265396663762893, -23.5110171466441 ], [ -51.265602331721148, -23.510899622096527 ], [ -51.265734546837166, -23.510840859822743 ], [ -51.265866761953184, -23.51075271641206 ], [ -51.26598428650076, -23.510679263569831 ], [ -51.266087120479881, -23.510620501296042 ], [ -51.266189954459009, -23.510561739022254 ], [ -51.266601290375519, -23.510429523906236 ], [ -51.266983245155131, -23.510444214474681 ], [ -51.267365199934744, -23.510547048453809 ], [ -51.267659011303678, -23.51072333527517 ], [ -51.267869946451604, -23.510907903529603 ], [ -51.267903096812283, -23.510897461351515 ], [ -51.268491564076157, -23.51064335048757 ], [ -51.268627450591076, -23.510584672219764 ], [ -51.269406213590742, -23.510191774876759 ], [ -51.269652857834956, -23.509992444152612 ], [ -51.269755630869334, -23.509909385967202 ], [ -51.270019714997062, -23.509563991895117 ], [ -51.270363077502644, -23.509111858733039 ], [ -51.270232552714582, -23.509047184288505 ], [ -51.26984469244055, -23.508978371191898 ], [ -51.269565571640065, -23.509029788181458 ], [ -51.269106491376107, -23.508993061760343 ], [ -51.269049739718255, -23.508967838801297 ], [ -51.268875114923077, -23.508890227781215 ], [ -51.268554544853657, -23.508833170672041 ], [ -51.266820564100385, -23.50863732598836 ], [ -51.265307798215986, -23.508450397354718 ], [ -51.264739169904828, -23.508381528843866 ], [ -51.264385118314863, -23.508342175392933 ], [ -51.264211396630195, -23.508471641896506 ], [ -51.264089740470737, -23.508664608211394 ], [ -51.264265489992503, -23.508681346261085 ], [ -51.264544610792989, -23.508740108534873 ], [ -51.264779659888134, -23.508784180240212 ], [ -51.26504409012017, -23.50888701421934 ], [ -51.265117542962408, -23.508931085924679 ], [ -51.265168715109525, -23.50898691008517 ] ] ] ] } },
{ "type": "Feature", "properties": { "ZG": 15, "Area (ha)": 3.99 }, "geometry": { "type": "MultiPolygon", "coordinates": [ [ [ [ -51.264438104171568, -23.510712317348819 ], [ -51.26479067781429, -23.510521339959013 ], [ -51.265040417477884, -23.510491958822122 ], [ -51.26534891941526, -23.510477268253673 ], [ -51.26580432703711, -23.510418505979889 ], [ -51.266009994995358, -23.5103597437061 ], [ -51.266112828974485, -23.510198147453188 ], [ -51.266112828974485, -23.510080622905615 ], [ -51.266068757269146, -23.509963098358043 ], [ -51.265965923290018, -23.509889645515809 ], [ -51.265716183626424, -23.509786811536681 ], [ -51.265495825099727, -23.509448928462408 ], [ -51.265334228846811, -23.509111045388135 ], [ -51.265168715109525, -23.50898691008517 ], [ -51.265117542962408, -23.508931085924679 ], [ -51.26504409012017, -23.50888701421934 ], [ -51.264779659888134, -23.508784180240212 ], [ -51.264544610792989, -23.508740108534873 ], [ -51.264265489992503, -23.508681346261085 ], [ -51.264089740470737, -23.508664608211394 ], [ -51.263826052640006, -23.509082859693326 ], [ -51.263667020086551, -23.509344643445029 ], [ -51.263619564061301, -23.509422760887414 ], [ -51.263518566403235, -23.509558648645548 ], [ -51.263446949882052, -23.509639446772002 ], [ -51.263379006002992, -23.509734935466906 ], [ -51.263366853706493, -23.509752018950241 ], [ -51.263369365317253, -23.509753757757689 ], [ -51.263545652138617, -23.50997411628439 ], [ -51.263766010665314, -23.510282618221769 ], [ -51.263823303882255, -23.510353132950314 ], [ -51.263956988055121, -23.510517667316915 ], [ -51.264089203171139, -23.510649882432936 ], [ -51.264236108855606, -23.510884931528082 ], [ -51.264254138189486, -23.510896283330897 ], [ -51.264438104171568, -23.510712317348819 ] ] ] ] } },
{ "type": "Feature", "properties": { "ZG": 3, "Area (ha)": 7.96 }, "geometry": { "type": "MultiPolygon", "coordinates": [ [ [ [ -51.251829923802376, -23.526265956691716 ], [ -51.251785852097029, -23.526133741575695 ], [ -51.251873995507715, -23.52585462077521 ], [ -51.252006210623733, -23.52559019054317 ], [ -51.252417546540237, -23.525120092352878 ], [ -51.252799501319849, -23.524811590415499 ], [ -51.253108003257232, -23.524488397909671 ], [ -51.253357742920826, -23.524003609150935 ], [ -51.253404482690179, -23.523878969765988 ], [ -51.253379021500564, -23.523878969765988 ], [ -51.253121529435134, -23.523987178958517 ], [ -51.252831850861526, -23.524203597076717 ], [ -51.252338324402785, -23.524174085536099 ], [ -51.252098485756946, -23.524237929214269 ], [ -51.252005730484939, -23.524262620138096 ], [ -51.251598034714675, -23.524449526324521 ], [ -51.251137128991047, -23.524853618532646 ], [ -51.250868473862624, -23.525029917527455 ], [ -51.25022474369905, -23.525443075807384 ], [ -51.249859963273025, -23.525757862197732 ], [ -51.249711939413302, -23.525775523342009 ], [ -51.249643737271789, -23.526053035504013 ], [ -51.249613200043655, -23.526534987875117 ], [ -51.252137208122335, -23.526859909312936 ], [ -51.255352598852788, -23.527273834049591 ], [ -51.255567087386275, -23.527301445658001 ], [ -51.255450689843997, -23.527113418858942 ], [ -51.255083425632826, -23.526893060332242 ], [ -51.254745542558553, -23.526716773510881 ], [ -51.254368362213725, -23.526354100102395 ], [ -51.253857222248016, -23.526354100102395 ], [ -51.253284290078597, -23.526133741575695 ], [ -51.253152074962571, -23.526089669870355 ], [ -51.253019859846553, -23.52611905100725 ], [ -51.252608523930043, -23.526265956691716 ], [ -51.252255950287328, -23.526324718965501 ], [ -51.252096647073401, -23.52630274610841 ], [ -51.251829923802376, -23.526265956691716 ] ] ] ] } },
{ "type": "Feature", "properties": { "ZG": 6, "Area (ha)": 12.81 }, "geometry": { "type": "MultiPolygon", "coordinates": [ [ [ [ -51.260901349818162, -23.523783250624227 ], [ -51.261195161187096, -23.523533510960632 ], [ -51.26153304426137, -23.523313152433936 ], [ -51.261768093356515, -23.523166246749469 ], [ -51.262311644389044, -23.522916507085874 ], [ -51.262899267126912, -23.522519861737816 ], [ -51.263237150201178, -23.522181978663543 ], [ -51.263530961570112, -23.521697189904803 ], [ -51.263721938959918, -23.521241782282956 ], [ -51.263721938959918, -23.520742302955771 ], [ -51.26363030282436, -23.520244849648453 ], [ -51.263547275876022, -23.520338796053757 ], [ -51.263354156826949, -23.520557679533333 ], [ -51.263174448822951, -23.520631460399489 ], [ -51.263037656163192, -23.520660972734373 ], [ -51.26284453711412, -23.520737212902208 ], [ -51.262584362839675, -23.520850343392457 ], [ -51.26245561680696, -23.520941339585796 ], [ -51.262310777520156, -23.521047091839566 ], [ -51.262125705098128, -23.521108575668993 ], [ -51.262136433934188, -23.521214327788417 ], [ -51.262120340680099, -23.521293026984946 ], [ -51.262034509991622, -23.521450425236846 ], [ -51.261927221631026, -23.521610282643802 ], [ -51.261771653508163, -23.521834082687413 ], [ -51.261667047356582, -23.522028370328819 ], [ -51.261597309922195, -23.522121825041523 ], [ -51.261546347950912, -23.522168552372996 ], [ -51.261393462037063, -23.522239873004843 ], [ -51.261178885315871, -23.522293978285969 ], [ -51.26109573683641, -23.522308734267884 ], [ -51.260857020234084, -23.522360380191529 ], [ -51.260637079094863, -23.522384973481376 ], [ -51.260288391922927, -23.52238989213879 ], [ -51.260073815201736, -23.52238989213879 ], [ -51.259928975914931, -23.522412026094909 ], [ -51.259759996746993, -23.522439078702874 ], [ -51.259647343968368, -23.522478427940911 ], [ -51.259483729218459, -23.522562045032664 ], [ -51.259266470288253, -23.522687470570702 ], [ -51.258955334042525, -23.522881756952515 ], [ -51.258735392903304, -23.523036693988161 ], [ -51.258649947648173, -23.523111230202254 ], [ -51.258616434526914, -23.523153562565952 ], [ -51.259069155638656, -23.523519267152324 ], [ -51.259515409305962, -23.523850870667946 ], [ -51.259831138185184, -23.524081346870286 ], [ -51.260016342276359, -23.524210695759361 ], [ -51.260048258484566, -23.524246474438623 ], [ -51.260108650347192, -23.524314174870611 ], [ -51.260181759080048, -23.524407352667382 ], [ -51.260468475438614, -23.524772775477309 ], [ -51.26059148154161, -23.525006591826635 ], [ -51.260626350258804, -23.525045940297098 ], [ -51.260631714676833, -23.525107422258664 ], [ -51.260798684020088, -23.525290455569618 ], [ -51.261481974934554, -23.526039485277618 ], [ -51.261510491316358, -23.52605030433768 ], [ -51.261559758995986, -23.526068996399971 ], [ -51.261650954102493, -23.526098507515695 ], [ -51.261860166405654, -23.526359188750558 ], [ -51.261917939148383, -23.526390489480168 ], [ -51.261919175003982, -23.52639115905513 ], [ -51.261911128376937, -23.52642312935194 ], [ -51.261890725268863, -23.526461366429196 ], [ -51.261869430855832, -23.526461904466426 ], [ -51.261805314871992, -23.526556297442632 ], [ -51.261844073151565, -23.526600195470586 ], [ -51.261918946844688, -23.526703601621453 ], [ -51.262125705098128, -23.526897764383349 ], [ -51.262187051814735, -23.527070482106819 ], [ -51.262305413102126, -23.52729370214141 ], [ -51.262312873006849, -23.527399733824453 ], [ -51.262311697107833, -23.52742971924874 ], [ -51.262334039188673, -23.527439714390169 ], [ -51.262421643663544, -23.527401497672944 ], [ -51.262468679623204, -23.527349170167817 ], [ -51.262571570784971, -23.527137508349334 ], [ -51.262664466805305, -23.526932901924802 ], [ -51.262724437653873, -23.526781210954894 ], [ -51.262787936199423, -23.526628344085992 ], [ -51.262750659798598, -23.526607573220346 ], [ -51.262753342007613, -23.526553469712418 ], [ -51.262965496947118, -23.526236181772315 ], [ -51.26302194009871, -23.526237357671302 ], [ -51.263072958289463, -23.526191305853104 ], [ -51.262884576558456, -23.526104360438794 ], [ -51.262605455757971, -23.526016217028115 ], [ -51.262311644389044, -23.525384522584911 ], [ -51.262487931210401, -23.525105401784426 ], [ -51.262722980305547, -23.524503088478113 ], [ -51.262664218031759, -23.524179895972285 ], [ -51.262473240641953, -23.524047680856267 ], [ -51.262223500978365, -23.524106443130052 ], [ -51.261738712219625, -23.524312111088307 ], [ -51.261518353692921, -23.524444326204325 ], [ -51.260989493228848, -23.524620613025686 ], [ -51.260739753565254, -23.524444326204325 ], [ -51.260695681859914, -23.524297420519858 ], [ -51.260725062996805, -23.523988918582479 ], [ -51.260793746173988, -23.523908788209095 ], [ -51.260901349818162, -23.523783250624227 ] ] ] ] } },
{ "type": "Feature", "properties": { "ZG": 2, "Area (ha)": 4.74 }, "geometry": { "type": "MultiPolygon", "coordinates": [ [ [ [ -51.264014073789085, -23.526284699328009 ], [ -51.264081338562036, -23.52637488482166 ], [ -51.264101559903438, -23.526424896051939 ], [ -51.264114661865833, -23.526506257923518 ], [ -51.264131034694323, -23.526534077401031 ], [ -51.264154585918376, -23.52657409386785 ], [ -51.264206734452827, -23.52663813763408 ], [ -51.264201963316381, -23.526704588982604 ], [ -51.264160685717442, -23.52671691103955 ], [ -51.264090426051197, -23.526751353413061 ], [ -51.264025791918911, -23.526785789323238 ], [ -51.263922396313873, -23.526852192189832 ], [ -51.26379961997246, -23.526951793199732 ], [ -51.263652401113276, -23.527161444341356 ], [ -51.263475526636611, -23.527540474487669 ], [ -51.263432686951532, -23.527596575917041 ], [ -51.263391150541381, -23.527608641621271 ], [ -51.263334172514604, -23.527614674472972 ], [ -51.263214488394709, -23.527569735885873 ], [ -51.263173041065698, -23.527536144794652 ], [ -51.263154999610208, -23.527498445765229 ], [ -51.263118182691613, -23.527576330668118 ], [ -51.262970915017242, -23.5278952474963 ], [ -51.262813805977032, -23.528277836396036 ], [ -51.263658101452954, -23.528398953992166 ], [ -51.263882698160344, -23.528423647870991 ], [ -51.263960848703945, -23.528417702266932 ], [ -51.264006167554456, -23.528396602194185 ], [ -51.264082600988907, -23.528306057971836 ], [ -51.264119053857641, -23.528220217345453 ], [ -51.264144923635456, -23.528119090032181 ], [ -51.264189607797121, -23.527961519567317 ], [ -51.264283679716442, -23.527841577870181 ], [ -51.264388556268031, -23.527808526148913 ], [ -51.264615283232054, -23.527735746960943 ], [ -51.264711706949363, -23.527648730435569 ], [ -51.264822241454581, -23.527475873283816 ], [ -51.264856342525334, -23.527398263950374 ], [ -51.264863397919285, -23.527286553546176 ], [ -51.26476932599995, -23.526874988899134 ], [ -51.264734049030203, -23.526755047201998 ], [ -51.264651736100795, -23.52667038247461 ], [ -51.264550608787523, -23.526637457302844 ], [ -51.264510628221814, -23.526588069545202 ], [ -51.264535156517162, -23.52654622715902 ], [ -51.264550608787523, -23.526519867403692 ], [ -51.264607051939116, -23.526451665262183 ], [ -51.264790492181795, -23.526477535039994 ], [ -51.264869753498068, -23.526518357663935 ], [ -51.26488872307214, -23.526528127723594 ], [ -51.26500001841476, -23.526339409533943 ], [ -51.265054453031638, -23.526301985734836 ], [ -51.264040174609363, -23.526151687680017 ], [ -51.263296331420506, -23.526041463325516 ], [ -51.26318303826055, -23.526138582156012 ], [ -51.263092483535374, -23.5261939373841 ], [ -51.263052513472488, -23.526258523853151 ], [ -51.263045458078544, -23.52629615262088 ], [ -51.263065448361409, -23.526396104035165 ], [ -51.263127771007959, -23.526489000055495 ], [ -51.263145409492836, -23.526530156520199 ], [ -51.263116516592135, -23.526580034178529 ], [ -51.263074855553342, -23.526572488883897 ], [ -51.262886711714692, -23.526618348944567 ], [ -51.262849082946978, -23.526622464591032 ], [ -51.262755011027657, -23.526747109884138 ], [ -51.262687984785138, -23.526936429621777 ], [ -51.262662115007323, -23.526977586086478 ], [ -51.262498665047502, -23.527337411177896 ], [ -51.262466915774731, -23.527391502531508 ], [ -51.262422231613058, -23.527432658996215 ], [ -51.262317576602811, -23.527470287763947 ], [ -51.262270540643151, -23.527464408268987 ], [ -51.262203514400632, -23.527438538491175 ], [ -51.262122377370211, -23.527456176976049 ], [ -51.262035693183506, -23.527585869816139 ], [ -51.262041057601536, -23.527708831337389 ], [ -51.262009491066834, -23.527826291183288 ], [ -51.261912311568821, -23.527880977274112 ], [ -51.261736682500803, -23.527955640072356 ], [ -51.261583815631901, -23.527918011304628 ], [ -51.261435652358955, -23.527819235789334 ], [ -51.261332954421604, -23.527758015913715 ], [ -51.26118275071677, -23.527954754035207 ], [ -51.261174602782837, -23.528030897607813 ], [ -51.261328931108082, -23.52807648560055 ], [ -51.262802046987119, -23.528274308699064 ], [ -51.263148275578359, -23.527486837676118 ], [ -51.26314958525073, -23.527438988285812 ], [ -51.263141475759411, -23.527392474165989 ], [ -51.263307646989787, -23.526945315283125 ], [ -51.263409445203806, -23.526790805531622 ], [ -51.263444251056725, -23.526703713595982 ], [ -51.263452234819496, -23.526533007086805 ], [ -51.263836628898943, -23.526355172360709 ], [ -51.264001372072649, -23.526289743871569 ], [ -51.264014073789085, -23.526284699328009 ] ] ] ] } },
{ "type": "Feature", "properties": { "ZG": 23, "Area (ha)": 14.52 }, "geometry": { "type": "MultiPolygon", "coordinates": [ [ [ [ -51.2593290963542, -23.51640985388245 ], [ -51.259284967254459, -23.516479724957044 ], [ -51.259088329452325, -23.516736866698292 ], [ -51.258861439680636, -23.51705451237866 ], [ -51.258710179832839, -23.517281402150353 ], [ -51.25863454990894, -23.517402410028591 ], [ -51.258558919985042, -23.517795685632855 ], [ -51.258619423924166, -23.518052827374106 ], [ -51.258755557787175, -23.5182040872219 ], [ -51.258891691650192, -23.51829484313058 ], [ -51.259027825513208, -23.518446102978373 ], [ -51.259118581421887, -23.518657866765285 ], [ -51.259118581421887, -23.518748622673961 ], [ -51.258891691650192, -23.519247780171685 ], [ -51.258846313695855, -23.519429291989038 ], [ -51.258831187711074, -23.519580551836832 ], [ -51.258831187711074, -23.51965618176073 ], [ -51.258891691650192, -23.519746937669407 ], [ -51.258982447558871, -23.519852819562864 ], [ -51.259088329452325, -23.519928449486759 ], [ -51.25920933733056, -23.520049457364998 ], [ -51.259345471193576, -23.520155339258451 ], [ -51.259375723163139, -23.52023096918235 ], [ -51.259466479071811, -23.520336851075808 ], [ -51.259663116873945, -23.520503236908379 ], [ -51.259814376721742, -23.520609118801836 ], [ -51.260011014523876, -23.520684748725735 ], [ -51.260132022402111, -23.520684748725735 ], [ -51.260343786189026, -23.520684748725735 ], [ -51.260676557854168, -23.520563740847496 ], [ -51.261115211412772, -23.52047298493882 ], [ -51.261445564267227, -23.5204653023143 ], [ -51.261340689630984, -23.520385597590753 ], [ -51.261219492441299, -23.520319490032744 ], [ -51.261330119737067, -23.520234460919596 ], [ -51.261406797188997, -23.520205638127283 ], [ -51.261533967622199, -23.52011641115789 ], [ -51.261555425294318, -23.519929498818691 ], [ -51.261483922673357, -23.519713504084319 ], [ -51.261344362273114, -23.519511508768179 ], [ -51.261314981136216, -23.519203006830796 ], [ -51.261248873578204, -23.51890552281975 ], [ -51.261138694314859, -23.518677819008825 ], [ -51.261072627671638, -23.518512891410072 ], [ -51.261021169767268, -23.518339935934552 ], [ -51.260976068147102, -23.51822760057405 ], [ -51.261029712327399, -23.518099711377911 ], [ -51.261083356507697, -23.517912796175494 ], [ -51.261147729524055, -23.51777506901443 ], [ -51.261244289048591, -23.51760782869658 ], [ -51.261351577409187, -23.517578315677259 ], [ -51.261680409026319, -23.517565008448987 ], [ -51.261836496316072, -23.517458501827747 ], [ -51.26202749408094, -23.517440588166306 ], [ -51.262209884293952, -23.517361886666787 ], [ -51.262275377048404, -23.517208762164152 ], [ -51.262470027080326, -23.517109600827137 ], [ -51.262628308900275, -23.517027404768992 ], [ -51.263046733506599, -23.516938865300858 ], [ -51.263266990418558, -23.516801098889754 ], [ -51.263440316888968, -23.516705516362848 ], [ -51.263783639642874, -23.516469410523548 ], [ -51.264051099509409, -23.516308046686262 ], [ -51.264021718372511, -23.516277747388823 ], [ -51.263636090950783, -23.515829685051198 ], [ -51.263584673961219, -23.515800303914308 ], [ -51.26353509329271, -23.515781940703746 ], [ -51.263452458845201, -23.515783777024804 ], [ -51.263390056260505, -23.51581736021793 ], [ -51.262993089326301, -23.516004278395123 ], [ -51.26262978701218, -23.516110642172745 ], [ -51.262148670895549, -23.516147368593863 ], [ -51.261898931231954, -23.516173077088645 ], [ -51.261609069474616, -23.516161682970111 ], [ -51.261359052841541, -23.51610329688852 ], [ -51.260986796983161, -23.516073142919833 ], [ -51.260718576081672, -23.516082980706141 ], [ -51.260225049622932, -23.516122331843995 ], [ -51.259801953766448, -23.516252934563237 ], [ -51.259739417670296, -23.516272238425667 ], [ -51.2593290963542, -23.51640985388245 ] ] ] ] } },
{ "type": "Feature", "properties": { "ZG": 24, "Area (ha)": 8.53 }, "geometry": { "type": "MultiPolygon", "coordinates": [ [ [ [ -51.261445564267227, -23.5204653023143 ], [ -51.261115211412772, -23.52047298493882 ], [ -51.260676557854168, -23.520563740847496 ], [ -51.260343786189026, -23.520684748725735 ], [ -51.260132022402111, -23.520684748725735 ], [ -51.260011014523876, -23.520684748725735 ], [ -51.259814376721742, -23.520609118801836 ], [ -51.259663116873945, -23.520503236908379 ], [ -51.259466479071811, -23.520336851075808 ], [ -51.259375723163139, -23.52023096918235 ], [ -51.259345471193576, -23.520155339258451 ], [ -51.25920933733056, -23.520049457364998 ], [ -51.259088329452325, -23.519928449486759 ], [ -51.258982447558871, -23.519852819562864 ], [ -51.258891691650192, -23.519746937669407 ], [ -51.258831187711074, -23.51965618176073 ], [ -51.258831187711074, -23.519580551836832 ], [ -51.258846313695855, -23.519429291989038 ], [ -51.258891691650192, -23.519247780171685 ], [ -51.259118581421887, -23.518748622673961 ], [ -51.259118581421887, -23.518657866765285 ], [ -51.259027825513208, -23.518446102978373 ], [ -51.258891691650192, -23.51829484313058 ], [ -51.258755557787175, -23.5182040872219 ], [ -51.258619423924166, -23.518052827374106 ], [ -51.258558919985042, -23.517795685632855 ], [ -51.25863454990894, -23.517402410028591 ], [ -51.258710179832839, -23.517281402150353 ], [ -51.258861439680636, -23.51705451237866 ], [ -51.259088329452325, -23.516736866698292 ], [ -51.259284967254459, -23.516479724957044 ], [ -51.2593290963542, -23.51640985388245 ], [ -51.259090620476272, -23.516489835023048 ], [ -51.258580240003624, -23.516661008781565 ], [ -51.258545808984003, -23.516672556415838 ], [ -51.258545526029849, -23.516672700773647 ], [ -51.258198659527579, -23.516849665445928 ], [ -51.257741500361547, -23.516951677216326 ], [ -51.257501285183707, -23.517056257816062 ], [ -51.257197949329019, -23.517017784774335 ], [ -51.256937191739084, -23.516966367784772 ], [ -51.256852720970521, -23.51698105835322 ], [ -51.25678109324781, -23.517076593336668 ], [ -51.256813279755988, -23.517460263533831 ], [ -51.257092229493537, -23.518188250065414 ], [ -51.257150204981571, -23.518372989713537 ], [ -51.257341182371377, -23.518762289777378 ], [ -51.257506451266401, -23.518971630377742 ], [ -51.257917787182912, -23.519658414452639 ], [ -51.258145490993833, -23.519941207895236 ], [ -51.258379689820686, -23.520254135869582 ], [ -51.258586208047234, -23.520539848559437 ], [ -51.258763326106354, -23.520742467193926 ], [ -51.259020818171784, -23.52097856542937 ], [ -51.25932440911167, -23.521105435444642 ], [ -51.259538404115119, -23.521139505575782 ], [ -51.259817353852668, -23.521355928376042 ], [ -51.260091991313011, -23.521553497782268 ], [ -51.260312349839715, -23.521586551561274 ], [ -51.260455582882066, -23.521560843066492 ], [ -51.260701649903552, -23.521476372297922 ], [ -51.260911695130744, -23.521355928376042 ], [ -51.261042083121929, -23.521300978622069 ], [ -51.261100868125155, -23.521276204703586 ], [ -51.26113134903062, -23.521263359055446 ], [ -51.261244289048591, -23.521139505575782 ], [ -51.261399451904772, -23.521057691097191 ], [ -51.261469594605842, -23.520982106952108 ], [ -51.261651984818855, -23.520923082419724 ], [ -51.26177406140016, -23.520855695781048 ], [ -51.261755698189603, -23.520719808022918 ], [ -51.261693263273706, -23.520605956117453 ], [ -51.261524321736566, -23.520525157990999 ], [ -51.261445564267227, -23.5204653023143 ] ] ] ] } },
{ "type": "Feature", "properties": { "ZG": 4, "Area (ha)": 15.63 }, "geometry": { "type": "MultiPolygon", "coordinates": [ [ [ [ -51.260097620338151, -23.524345226021513 ], [ -51.260033703501051, -23.524418976218165 ], [ -51.25935303418597, -23.524842503791991 ], [ -51.258884128657812, -23.525039141594124 ], [ -51.258233711312293, -23.525235779396258 ], [ -51.257870687677581, -23.525326535304934 ], [ -51.257613545936337, -23.525417291213611 ], [ -51.257038758514717, -23.525689558939643 ], [ -51.256176577382284, -23.525976952650453 ], [ -51.254709356858676, -23.526385354239498 ], [ -51.254506402686069, -23.526486831325801 ], [ -51.254745542558553, -23.526716773510881 ], [ -51.255083425632826, -23.526893060332242 ], [ -51.255450689843997, -23.527113418858942 ], [ -51.255567087386275, -23.527301445658001 ], [ -51.258841062625379, -23.527722912114886 ], [ -51.259089956152494, -23.527754952758247 ], [ -51.260234747742629, -23.527902324445609 ], [ -51.261125215025189, -23.528016786819915 ], [ -51.261350546692825, -23.527656401649804 ], [ -51.261307479369052, -23.527091648288668 ], [ -51.261347459934761, -23.526978761985479 ], [ -51.261374884452728, -23.526788403566691 ], [ -51.261387440500478, -23.526701249823471 ], [ -51.261463848763562, -23.526701249823471 ], [ -51.261500326803663, -23.526701249823471 ], [ -51.261582639733078, -23.526621288692045 ], [ -51.261545010965342, -23.526468421823143 ], [ -51.260792647217727, -23.525728351005611 ], [ -51.260309849595046, -23.525108614442676 ], [ -51.260360292731391, -23.52493975313411 ], [ -51.26049669701441, -23.524918586952261 ], [ -51.260463771842652, -23.52482451503294 ], [ -51.260444957458787, -23.52477983087126 ], [ -51.260097620338151, -23.524345226021513 ] ] ] ] } },
{ "type": "Feature", "properties": { "ZG": 5, "Area (ha)": 15.91 }, "geometry": { "type": "MultiPolygon", "coordinates": [ [ [ [ -51.259494243124109, -23.523877916344752 ], [ -51.258657003042124, -23.523232347798384 ], [ -51.25860879118347, -23.523181784141748 ], [ -51.258582506989455, -23.523210038237309 ], [ -51.258357201432204, -23.523495318275589 ], [ -51.258185540055251, -23.523623202229974 ], [ -51.257874403809524, -23.523859295357777 ], [ -51.257775379563746, -23.523934957577485 ], [ -51.257756139447721, -23.523949658521424 ], [ -51.257616911744094, -23.524056039307453 ], [ -51.257305775498367, -23.524174085536099 ], [ -51.257198487137771, -23.524282294486003 ], [ -51.25693960256497, -23.524282425597839 ], [ -51.256685608382796, -23.524103688951122 ], [ -51.256436739777541, -23.523987178958517 ], [ -51.255707178925491, -23.523780597695559 ], [ -51.255321565552606, -23.523840287577016 ], [ -51.254773524586135, -23.52396744171083 ], [ -51.25473085484407, -23.523977341762876 ], [ -51.254441176270461, -23.523947830171533 ], [ -51.253947649811721, -23.523760923272658 ], [ -51.253668700074172, -23.523878969765988 ], [ -51.253519240410967, -23.523878969765988 ], [ -51.253404482690179, -23.523878969765988 ], [ -51.253357742920826, -23.524003609150935 ], [ -51.253108003257232, -23.524488397909671 ], [ -51.252799501319849, -23.524811590415499 ], [ -51.252417546540237, -23.525120092352878 ], [ -51.252006210623733, -23.52559019054317 ], [ -51.251873995507715, -23.52585462077521 ], [ -51.251785852097029, -23.526133741575695 ], [ -51.251829923802376, -23.526265956691716 ], [ -51.252255950287328, -23.526324718965501 ], [ -51.252608523930043, -23.526265956691716 ], [ -51.253019859846553, -23.52611905100725 ], [ -51.253152074962571, -23.526089669870355 ], [ -51.253284290078597, -23.526133741575695 ], [ -51.253857222248016, -23.526354100102395 ], [ -51.254186307793177, -23.526354100102395 ], [ -51.254368362213725, -23.526354100102395 ], [ -51.254506402686069, -23.526486831325801 ], [ -51.254709356858676, -23.526385354239498 ], [ -51.256176577382284, -23.525976952650453 ], [ -51.257038758514717, -23.525689558939643 ], [ -51.257613545936337, -23.525417291213611 ], [ -51.257870687677581, -23.525326535304934 ], [ -51.258233711312293, -23.525235779396258 ], [ -51.258884128657812, -23.525039141594124 ], [ -51.25935303418597, -23.524842503791991 ], [ -51.260033703501051, -23.524418976218165 ], [ -51.260097620338151, -23.524345226021513 ], [ -51.260091599811808, -23.524337692850452 ], [ -51.260000467639969, -23.524238917335154 ], [ -51.259880771696892, -23.524153559252635 ], [ -51.259494243124109, -23.523877916344752 ] ] ] ] } },
{ "type": "Feature", "properties": { "ZG": 11, "Area (ha)": 11.54 }, "geometry": { "type": "MultiPolygon", "coordinates": [ [ [ [ -51.267520342197486, -23.51392948013709 ], [ -51.267740392746205, -23.513815660887754 ], [ -51.268194172289583, -23.513619023085621 ], [ -51.268496691985177, -23.513498015207386 ], [ -51.268708455772085, -23.513437511268268 ], [ -51.268844589635101, -23.513392133313928 ], [ -51.26925299122415, -23.51336188134437 ], [ -51.269724790083764, -23.513411544382226 ], [ -51.269916605758802, -23.512361342205054 ], [ -51.269797526676207, -23.512393818318486 ], [ -51.269207613269813, -23.512469448242381 ], [ -51.268814337665546, -23.512469448242381 ], [ -51.268330306152599, -23.512454322257604 ], [ -51.26786140062444, -23.512454322257604 ], [ -51.267377369111493, -23.512469448242381 ], [ -51.266847959644217, -23.512575330135839 ], [ -51.266242920253035, -23.512696338014074 ], [ -51.266061408435682, -23.512771967937972 ], [ -51.265698384800977, -23.512908101800988 ], [ -51.265592502907516, -23.51316524354224 ], [ -51.265592502907516, -23.513377007329151 ], [ -51.265622754877079, -23.513679527024738 ], [ -51.265622754877079, -23.513891290811653 ], [ -51.265577376922735, -23.514178684522463 ], [ -51.26530510919671, -23.514345070355038 ], [ -51.265123597379358, -23.514390448309374 ], [ -51.264836203668544, -23.514435826263714 ], [ -51.264563935942512, -23.514435826263714 ], [ -51.264140408368689, -23.514420700278933 ], [ -51.264068607981358, -23.514419418129158 ], [ -51.264061198956369, -23.514444894803326 ], [ -51.264052646759282, -23.514567480691554 ], [ -51.26404438427172, -23.514685913927735 ], [ -51.264103084146754, -23.514955637520188 ], [ -51.264169029564826, -23.515045739019151 ], [ -51.264216065524487, -23.515217420271917 ], [ -51.264169029564819, -23.515365583544853 ], [ -51.264072605847517, -23.515480821646022 ], [ -51.263917387180634, -23.515617225929045 ], [ -51.263637523220645, -23.515810073363657 ], [ -51.264054967362654, -23.516299247344143 ], [ -51.264240759403329, -23.516182833343979 ], [ -51.264271332777106, -23.516095816818602 ], [ -51.26438186728231, -23.516060539848858 ], [ -51.264457124817774, -23.516095816818602 ], [ -51.264553548535076, -23.516065243444825 ], [ -51.264649972252386, -23.51608640962667 ], [ -51.264744044171714, -23.5161381491823 ], [ -51.264878096656751, -23.516199295929859 ], [ -51.265005336529612, -23.516176355284326 ], [ -51.265112624890207, -23.516215706394291 ], [ -51.265247328940085, -23.516323941222964 ], [ -51.265402303463816, -23.516382948480416 ], [ -51.265600098637549, -23.516479159889851 ], [ -51.265734897381662, -23.516461650565095 ], [ -51.265807056860062, -23.516432123930187 ], [ -51.265865851809636, -23.516382736172542 ], [ -51.265979308813051, -23.516258701030612 ], [ -51.266044588456353, -23.516053484454908 ], [ -51.266188048133323, -23.515872396010209 ], [ -51.266432271725535, -23.515536898099175 ], [ -51.266582475430369, -23.515399168452827 ], [ -51.266656055931975, -23.515337361969056 ], [ -51.266657577282785, -23.515222087267258 ], [ -51.266700492627024, -23.515074519430708 ], [ -51.266850696331858, -23.514848248426787 ], [ -51.266895939326247, -23.514758819665218 ], [ -51.267012353326407, -23.514522463967914 ], [ -51.267082907265902, -23.514335496028256 ], [ -51.267065273053049, -23.514248136489854 ], [ -51.267046100466871, -23.51418862992843 ], [ -51.267034695407254, -23.51415323168457 ], [ -51.267006473831458, -23.514110899320873 ], [ -51.266930040397007, -23.514040345381382 ], [ -51.266931216296001, -23.513869840027606 ], [ -51.266987659447594, -23.513740491138535 ], [ -51.267101721649773, -23.513676992592991 ], [ -51.267146995180553, -23.513658883180682 ], [ -51.267160516599354, -23.513653474613161 ], [ -51.267275754700528, -23.513660530007108 ], [ -51.267402751791614, -23.513761657320384 ], [ -51.267515884167551, -23.513923484629913 ], [ -51.267520342197486, -23.51392948013709 ] ] ] ] } },
{ "type": "Feature", "properties": { "ZG": 12, "Area (ha)": 14.22 }, "geometry": { "type": "MultiPolygon", "coordinates": [ [ [ [ -51.264068607981358, -23.514419418129158 ], [ -51.264140408368689, -23.514420700278933 ], [ -51.264563935942512, -23.514435826263714 ], [ -51.264836203668544, -23.514435826263714 ], [ -51.265123597379358, -23.514390448309374 ], [ -51.26530510919671, -23.514345070355038 ], [ -51.265577376922735, -23.514178684522463 ], [ -51.265622754877079, -23.513891290811653 ], [ -51.265622754877079, -23.513679527024738 ], [ -51.265592502907516, -23.513377007329151 ], [ -51.265592502907516, -23.51316524354224 ], [ -51.265698384800977, -23.512908101800988 ], [ -51.266061408435682, -23.512771967937972 ], [ -51.266242920253035, -23.512696338014074 ], [ -51.266847959644217, -23.512575330135839 ], [ -51.267377369111493, -23.512469448242381 ], [ -51.26786140062444, -23.512454322257604 ], [ -51.268330306152599, -23.512454322257604 ], [ -51.268814337665546, -23.512469448242381 ], [ -51.269207613269813, -23.512469448242381 ], [ -51.269797526676207, -23.512393818318486 ], [ -51.269916605758802, -23.512361342205054 ], [ -51.270186224082011, -23.510885165922822 ], [ -51.270427622893351, -23.509453703790051 ], [ -51.27045980940153, -23.509133959263607 ], [ -51.270397178573397, -23.509124793621947 ], [ -51.270267046283386, -23.509266673597661 ], [ -51.270033825784964, -23.509575750885034 ], [ -51.269777666722007, -23.509926831017232 ], [ -51.269425616986155, -23.510214526277331 ], [ -51.268876207174159, -23.510483022554975 ], [ -51.26884942127235, -23.510496112810689 ], [ -51.268321716853301, -23.510754001674552 ], [ -51.267896005055114, -23.510935323366368 ], [ -51.267813728488953, -23.510970367088994 ], [ -51.267564437902749, -23.51104327282647 ], [ -51.266985895598921, -23.511137344745794 ], [ -51.266677810063143, -23.511189084301421 ], [ -51.265464282303874, -23.511323136786462 ], [ -51.265023908131575, -23.511417796655284 ], [ -51.264755803161499, -23.511538914251407 ], [ -51.264499457181344, -23.51171765089812 ], [ -51.264360701100344, -23.511804667423494 ], [ -51.26405047012031, -23.511936204285128 ], [ -51.263870939170282, -23.511915789878181 ], [ -51.263838013998523, -23.511986343817671 ], [ -51.263723951796358, -23.512326178626235 ], [ -51.263760404665092, -23.512373214585899 ], [ -51.263900109015346, -23.512437873363176 ], [ -51.263900266415476, -23.512437946212017 ], [ -51.264061198956369, -23.512674059398528 ], [ -51.264082013039427, -23.512818586329139 ], [ -51.264129048999095, -23.513081987703249 ], [ -51.264189944989084, -23.513293854498933 ], [ -51.264189944989084, -23.513451262313911 ], [ -51.264125571972727, -23.513638183849825 ], [ -51.264204306534552, -23.513738139340536 ], [ -51.264211402661203, -23.513884132834928 ], [ -51.264203438751849, -23.513916412750699 ], [ -51.264173733160774, -23.514036817684389 ], [ -51.264105272967228, -23.514292990454557 ], [ -51.264104114300608, -23.514297326095793 ], [ -51.264068607981358, -23.514419418129158 ] ] ] ] } },
{ "type": "Feature", "properties": { "ZG": 10, "Area (ha)": 8.28 }, "geometry": { "type": "MultiPolygon", "coordinates": [ [ [ [ -51.269724790083764, -23.513411544382226 ], [ -51.26925299122415, -23.51336188134437 ], [ -51.268844589635101, -23.513392133313928 ], [ -51.268708455772085, -23.513437511268268 ], [ -51.268496691985177, -23.513498015207386 ], [ -51.268194172289583, -23.513619023085621 ], [ -51.267740392746205, -23.513815660887754 ], [ -51.267520342197486, -23.51392948013709 ], [ -51.267676816708445, -23.514139919292148 ], [ -51.267786094862856, -23.514384883785908 ], [ -51.267782270882329, -23.514417175177041 ], [ -51.267772191907383, -23.514502286521036 ], [ -51.267764928681011, -23.514563620432622 ], [ -51.267748411145874, -23.514590776108363 ], [ -51.267687545544504, -23.514690842281713 ], [ -51.267558799511789, -23.514917113556109 ], [ -51.267447435953279, -23.515106885766727 ], [ -51.267312036282419, -23.515369654938432 ], [ -51.267215476757883, -23.515527060272071 ], [ -51.267075851871951, -23.515671317282671 ], [ -51.267000900036692, -23.515871383783384 ], [ -51.266904340512156, -23.516117328597343 ], [ -51.266839967495798, -23.516314084117738 ], [ -51.266732679135202, -23.516491163834718 ], [ -51.26679705215156, -23.516648567827648 ], [ -51.266863014154509, -23.516696701203298 ], [ -51.266968845063751, -23.51670610839523 ], [ -51.267655359036326, -23.516786296167108 ], [ -51.267747290196155, -23.516828401890354 ], [ -51.267850769307415, -23.51694834358749 ], [ -51.267923675044891, -23.517021249324969 ], [ -51.268043616742027, -23.517016545729003 ], [ -51.268234716183542, -23.516963375249006 ], [ -51.268327008398984, -23.516909538920771 ], [ -51.268373611087767, -23.516909538920771 ], [ -51.268439894702176, -23.516909538920771 ], [ -51.26858570617712, -23.517102386355386 ], [ -51.268762091025856, -23.517384602113356 ], [ -51.268792664399633, -23.517485729426632 ], [ -51.268752683833924, -23.517648003487466 ], [ -51.268773850015769, -23.517800870356368 ], [ -51.268689185288373, -23.518162459296274 ], [ -51.26880159847218, -23.518191316697976 ], [ -51.268849381039331, -23.518204460728775 ], [ -51.269501762305246, -23.514632634673884 ], [ -51.269606822511584, -23.514057423824166 ], [ -51.269623404876498, -23.513966634394492 ], [ -51.269724790083764, -23.513411544382226 ] ] ] ] } },
{ "type": "Feature", "properties": { "ZG": 26, "Area (ha)": 11.66 }, "geometry": { "type": "MultiPolygon", "coordinates": [ [ [ [ -51.256101206578208, -23.521583337999342 ], [ -51.256101206578208, -23.521201383219729 ], [ -51.256101206578208, -23.520716594460989 ], [ -51.256130587715106, -23.520452164228949 ], [ -51.256262802831124, -23.520070209449337 ], [ -51.256277493399573, -23.519644182964385 ], [ -51.256130587715106, -23.519130013068754 ], [ -51.255748632935493, -23.518983107384287 ], [ -51.255351987587431, -23.51910063193186 ], [ -51.254911270534031, -23.51932099045856 ], [ -51.254705602575783, -23.519541348985257 ], [ -51.254544006322867, -23.519791088648851 ], [ -51.2543971006384, -23.520114281154676 ], [ -51.254294266659272, -23.520569688776522 ], [ -51.254191432680145, -23.521362979472642 ], [ -51.254131954419748, -23.521670283818018 ], [ -51.254134998916086, -23.521670459489691 ], [ -51.254225067759876, -23.521675656587288 ], [ -51.254772332367615, -23.521750005130858 ], [ -51.254873548036635, -23.521868010993071 ], [ -51.254858933974042, -23.522024866882536 ], [ -51.254797437371245, -23.522024449089727 ], [ -51.254792998955566, -23.522074381266052 ], [ -51.254809461541448, -23.522114361831761 ], [ -51.254827100026326, -23.522129648518654 ], [ -51.254840034915226, -23.522141407508567 ], [ -51.25486355289506, -23.522160221892431 ], [ -51.254927051440603, -23.522210785549071 ], [ -51.254981142794215, -23.522233127629907 ], [ -51.255135185562104, -23.522226072235959 ], [ -51.255395059239241, -23.522203730155123 ], [ -51.255552629704106, -23.522217840943021 ], [ -51.255698441179057, -23.522248414316799 ], [ -51.255743125340729, -23.522239007124867 ], [ -51.255771346916532, -23.522246062518818 ], [ -51.255804272088291, -23.522269580498648 ], [ -51.255903047603582, -23.522274284094614 ], [ -51.25594537996728, -23.522269580498648 ], [ -51.255946845962882, -23.522269678231687 ], [ -51.255993003876561, -23.522211373498617 ], [ -51.256020414653655, -23.522146877552526 ], [ -51.256032984442278, -23.522117301579296 ], [ -51.256147624755329, -23.522045218753355 ], [ -51.256427845058987, -23.522009388191659 ], [ -51.256101206578208, -23.521583337999342 ] ] ], [ [ [ -51.257758380738778, -23.52275602599164 ], [ -51.257933237212612, -23.522550032408173 ], [ -51.258142547233099, -23.522392461943308 ], [ -51.25818958319276, -23.522373647559444 ], [ -51.258342450061662, -23.522390110145327 ], [ -51.258481206142662, -23.522361888569531 ], [ -51.258605612144663, -23.522278995553702 ], [ -51.258680679355564, -23.522056724826108 ], [ -51.258684209445505, -23.521940714779845 ], [ -51.25863762544509, -23.521816905357237 ], [ -51.258582333455934, -23.521780994467711 ], [ -51.258577629859964, -23.521710440528221 ], [ -51.25860585143576, -23.521656349174609 ], [ -51.258659942789372, -23.521665756366541 ], [ -51.258704626951051, -23.521559925457304 ], [ -51.258730496728866, -23.521397651396473 ], [ -51.258786918425983, -23.521248391768204 ], [ -51.259174986547663, -23.521124842830435 ], [ -51.259033878668674, -23.521028419113129 ], [ -51.258309485221332, -23.521223798266 ], [ -51.257939340377277, -23.521120505506588 ], [ -51.257730128074115, -23.521012293957405 ], [ -51.257585288787311, -23.520968025570742 ], [ -51.257569195533222, -23.521012293957405 ], [ -51.257665755057758, -23.521317253549917 ], [ -51.257599281898997, -23.521475260729915 ], [ -51.257312362545065, -23.521743365699987 ], [ -51.257011296058124, -23.521951763986262 ], [ -51.256926667675842, -23.522074969215598 ], [ -51.25678555979686, -23.52224429867038 ], [ -51.256754997923295, -23.522288443598864 ], [ -51.256743227433162, -23.522305445417942 ], [ -51.256580953372328, -23.522364240367516 ], [ -51.256032984442278, -23.522338370589704 ], [ -51.25590363555321, -23.522324259801806 ], [ -51.255907023535279, -23.522319980245506 ], [ -51.255753708431662, -23.522291922579484 ], [ -51.255736069946792, -23.522283691286543 ], [ -51.255689033987132, -23.52227310819562 ], [ -51.255584378976884, -23.522255469710746 ], [ -51.255402114633199, -23.522231951730916 ], [ -51.255251599562278, -23.522244886619823 ], [ -51.255159879440932, -23.522255469710743 ], [ -51.255075214713543, -23.522261349205699 ], [ -51.255002308976067, -23.522261349205699 ], [ -51.25489765396582, -23.522258997407718 ], [ -51.254737731702967, -23.522248414316795 ], [ -51.254635428490708, -23.522262525104694 ], [ -51.254600151520961, -23.522302505670403 ], [ -51.25458016111422, -23.522349851370585 ], [ -51.25477345879176, -23.523314352420762 ], [ -51.254893081840237, -23.523413217053847 ], [ -51.254931167087221, -23.523429604853831 ], [ -51.255162819188556, -23.523390800187112 ], [ -51.255285112683673, -23.523350819621399 ], [ -51.255564976643647, -23.523349643722419 ], [ -51.256787911594856, -23.523528380369129 ], [ -51.256940778463751, -23.523547194752993 ], [ -51.257079534544751, -23.523495455197367 ], [ -51.257129149221562, -23.52345379664764 ], [ -51.257137957682403, -23.523446400696937 ], [ -51.257218290625758, -23.523347291924434 ], [ -51.257288844565245, -23.523288496974857 ], [ -51.257326473332974, -23.523182666065619 ], [ -51.257423433443059, -23.523152874446158 ], [ -51.257556949535314, -23.522961597055211 ], [ -51.257606221346805, -23.522902140230453 ], [ -51.257758380738778, -23.52275602599164 ] ], [ [ -51.255058164178308, -23.523283793378884 ], [ -51.255033470299487, -23.523272034388967 ], [ -51.254982906642852, -23.523230877924263 ], [ -51.254973499450919, -23.523201480449476 ], [ -51.254971147652931, -23.52317443477267 ], [ -51.25496879585495, -23.523147389095865 ], [ -51.254975851248901, -23.523109760328136 ], [ -51.254995841531759, -23.523082714651331 ], [ -51.25502053541058, -23.523065076166457 ], [ -51.255045229289401, -23.523047437681583 ], [ -51.255074626764191, -23.523034502792676 ], [ -51.255094617047043, -23.523040382287633 ], [ -51.255146356602673, -23.523049789479565 ], [ -51.255161643289561, -23.52305331717654 ], [ -51.25518163357242, -23.523061548469482 ], [ -51.255196920259309, -23.523068603863432 ], [ -51.255245132117963, -23.523154444489812 ], [ -51.255238076724012, -23.523200304550482 ], [ -51.255221614138129, -23.52323675741922 ], [ -51.255206327451241, -23.523257923601069 ], [ -51.255178105875444, -23.523282617479889 ], [ -51.25513694941074, -23.523292024671822 ], [ -51.255092265249061, -23.523286145176865 ], [ -51.255058164178308, -23.523283793378884 ] ] ] ] } },
{ "type": "Feature", "properties": { "ZG": 7, "Area (ha)": 15.53 }, "geometry": { "type": "MultiPolygon", "coordinates": [ [ [ [ -51.265554687945588, -23.523980322659561 ], [ -51.265070656432641, -23.522997133648893 ], [ -51.264919396584851, -23.522724865922864 ], [ -51.264632002874038, -23.522331590318597 ], [ -51.264178223330653, -23.522104700546905 ], [ -51.264053231872637, -23.521997866025352 ], [ -51.263707248391462, -23.521844095589277 ], [ -51.263507398659584, -23.521736068707177 ], [ -51.263237150201178, -23.522181978663543 ], [ -51.262899267126912, -23.522519861737816 ], [ -51.262311644389044, -23.522916507085874 ], [ -51.261768093356515, -23.523166246749469 ], [ -51.26153304426137, -23.523313152433936 ], [ -51.261195161187096, -23.523533510960632 ], [ -51.260901349818162, -23.523783250624227 ], [ -51.260725062996805, -23.523988918582479 ], [ -51.260695681859914, -23.524297420519858 ], [ -51.260739753565254, -23.524444326204325 ], [ -51.260989493228848, -23.524620613025686 ], [ -51.261518353692921, -23.524444326204325 ], [ -51.261738712219625, -23.524312111088307 ], [ -51.262223500978365, -23.524106443130052 ], [ -51.262473240641953, -23.524047680856267 ], [ -51.262664218031759, -23.524179895972285 ], [ -51.262722980305547, -23.524503088478113 ], [ -51.262487931210401, -23.525105401784426 ], [ -51.262311644389044, -23.525384522584911 ], [ -51.262605455757971, -23.526016217028115 ], [ -51.262884576558456, -23.526104360438794 ], [ -51.263072958289463, -23.526191305853104 ], [ -51.263154816684754, -23.526117415974166 ], [ -51.263188917755294, -23.526092428120247 ], [ -51.263216551381596, -23.52606949808991 ], [ -51.263282989674835, -23.526029223549799 ], [ -51.264834000444665, -23.526263227449121 ], [ -51.26542900533439, -23.526344364479538 ], [ -51.265444292021286, -23.526263815398618 ], [ -51.265481920789014, -23.526180326570216 ], [ -51.26563596355691, -23.526006293519465 ], [ -51.265698286203438, -23.525779345014097 ], [ -51.265788830425791, -23.525673514104859 ], [ -51.265866439759236, -23.525568859094612 ], [ -51.265893485435804, -23.525541519442708 ], [ -51.265904796910426, -23.525498394446718 ], [ -51.26590759622394, -23.525487722064195 ], [ -51.265898189032008, -23.525408936831759 ], [ -51.265965215274505, -23.52530193002352 ], [ -51.265968742971481, -23.525218441195118 ], [ -51.266033417416018, -23.525140831861677 ], [ -51.266012225960708, -23.524947569098881 ], [ -51.266049193906369, -23.524800657076767 ], [ -51.266098200952392, -23.52474417877723 ], [ -51.265554687945588, -23.523980322659561 ] ] ] ] } },
{ "type": "Feature", "properties": { "ZG": 8, "Area (ha)": 17.02 }, "geometry": { "type": "MultiPolygon", "coordinates": [ [ [ [ -51.268041763382875, -23.523215248684377 ], [ -51.26788030810544, -23.523144612000497 ], [ -51.267290394699039, -23.522978226167922 ], [ -51.266987875003451, -23.522766462381011 ], [ -51.266760985231755, -23.522479068670201 ], [ -51.266745859246974, -23.522040415111597 ], [ -51.266821489170873, -23.52164713950733 ], [ -51.266942497049108, -23.521253863903063 ], [ -51.267048378942569, -23.520845462314018 ], [ -51.267078630912124, -23.520316052846738 ], [ -51.267033252957788, -23.519998407166369 ], [ -51.266942497049108, -23.519574879592543 ], [ -51.266776111216537, -23.519302611866514 ], [ -51.266095441901463, -23.518924462247028 ], [ -51.265293764708147, -23.518682446490555 ], [ -51.265163237192255, -23.518660691904572 ], [ -51.265087789703827, -23.518743398960574 ], [ -51.265025907958865, -23.518811234975427 ], [ -51.264657710408187, -23.51921486054438 ], [ -51.264475320195174, -23.51937963943595 ], [ -51.264309023236251, -23.519534580593618 ], [ -51.264072988842941, -23.519800193582522 ], [ -51.263971064900375, -23.5198985686276 ], [ -51.263815496777511, -23.52006826540757 ], [ -51.263764414300674, -23.520114220201499 ], [ -51.263673339699722, -23.520196152691419 ], [ -51.26363030282436, -23.520244849648453 ], [ -51.263721938959918, -23.520742302955771 ], [ -51.263721938959918, -23.521241782282956 ], [ -51.263530961570112, -23.521697189904803 ], [ -51.263507398659584, -23.521736068707177 ], [ -51.263707248391462, -23.521844095589277 ], [ -51.264053231872637, -23.521997866025352 ], [ -51.264178223330653, -23.522104700546905 ], [ -51.264632002874038, -23.522331590318597 ], [ -51.264919396584851, -23.522724865922864 ], [ -51.265070656432641, -23.522997133648893 ], [ -51.265554687945588, -23.523980322659561 ], [ -51.266098200952392, -23.52474417877723 ], [ -51.266212154062721, -23.524612853214457 ], [ -51.266216645606697, -23.524608198341607 ], [ -51.266341502951789, -23.524478800729423 ], [ -51.266412056891284, -23.524435292466727 ], [ -51.266515536002537, -23.524385904709082 ], [ -51.266674282366395, -23.524360034931266 ], [ -51.266756595295803, -23.524371793921183 ], [ -51.266962377619329, -23.524378849315134 ], [ -51.267111716791256, -23.524402367294964 ], [ -51.267151277821853, -23.524405837560806 ], [ -51.267178743033767, -23.524408246789921 ], [ -51.267235313271499, -23.52438685186511 ], [ -51.267432737215941, -23.524464689941514 ], [ -51.267664466713882, -23.524475386323985 ], [ -51.267846856926894, -23.524406526194447 ], [ -51.267893689620628, -23.524345924143368 ], [ -51.267926614792394, -23.524261259415976 ], [ -51.267959539964139, -23.524070763779346 ], [ -51.267985501560752, -23.523800639547947 ], [ -51.268041763382875, -23.523215248684377 ] ], [ [ -51.266398534052456, -23.521791577558588 ], [ -51.266375016072622, -23.521805688346486 ], [ -51.26631386932506, -23.521815095538418 ], [ -51.2662668333654, -23.521782170366656 ], [ -51.266262129769437, -23.521730430811026 ], [ -51.266351498092789, -23.521659876871535 ], [ -51.266407941244388, -23.521716320023128 ], [ -51.266412644840351, -23.521768059578754 ], [ -51.266398534052456, -23.521791577558588 ] ] ] ] } },
{ "type": "Feature", "properties": { "ZG": 9, "Area (ha)": 10.79 }, "geometry": { "type": "MultiPolygon", "coordinates": [ [ [ [ -51.265163237192255, -23.518660691904572 ], [ -51.265293764708147, -23.518682446490555 ], [ -51.266095441901463, -23.518924462247028 ], [ -51.266776111216537, -23.519302611866514 ], [ -51.266942497049108, -23.519574879592543 ], [ -51.267033252957788, -23.519998407166369 ], [ -51.267078630912124, -23.520316052846738 ], [ -51.267048378942569, -23.520845462314018 ], [ -51.266942497049108, -23.521253863903063 ], [ -51.266821489170873, -23.52164713950733 ], [ -51.266745859246974, -23.522040415111597 ], [ -51.266760985231755, -23.522479068670201 ], [ -51.266987875003451, -23.522766462381011 ], [ -51.267290394699039, -23.522978226167922 ], [ -51.26788030810544, -23.523144612000497 ], [ -51.268041763382875, -23.523215248684377 ], [ -51.268058315479429, -23.52304302806073 ], [ -51.268165845654032, -23.52234282321135 ], [ -51.268409909277892, -23.52075355272417 ], [ -51.268386391298066, -23.520667712097783 ], [ -51.268460472934521, -23.519968052197811 ], [ -51.268491046308306, -23.519766973470254 ], [ -51.268634505985275, -23.519353057025228 ], [ -51.268847343702745, -23.518235952983243 ], [ -51.26884969550072, -23.518208907306438 ], [ -51.268775025914763, -23.51819009292257 ], [ -51.26869506478333, -23.518171866488206 ], [ -51.268631566237808, -23.518207731407447 ], [ -51.268533502434707, -23.518184372947537 ], [ -51.268498633717513, -23.518196669983112 ], [ -51.268420849656081, -23.51817945413298 ], [ -51.268203590725875, -23.518100753075128 ], [ -51.268005107258773, -23.518044186660738 ], [ -51.267914267852952, -23.51802899476073 ], [ -51.267814670418716, -23.517994998454554 ], [ -51.26757058939836, -23.517948269641654 ], [ -51.267342601632095, -23.517869568445612 ], [ -51.267278228615737, -23.517822839588195 ], [ -51.266594909184413, -23.517296409688985 ], [ -51.266562078808761, -23.517247335458027 ], [ -51.266500388001418, -23.517242416608475 ], [ -51.266427968358016, -23.517249794882741 ], [ -51.266165227972202, -23.517557306585438 ], [ -51.266098056649184, -23.517635923992696 ], [ -51.265856091770708, -23.517901170764599 ], [ -51.265163237192255, -23.518660691904572 ] ], [ [ -51.267555618660126, -23.522624114044593 ], [ -51.267485064720631, -23.522553560105102 ], [ -51.267541507872224, -23.522435970205947 ], [ -51.267630876195582, -23.522304269518894 ], [ -51.267710837327009, -23.522200790407641 ], [ -51.267819020034224, -23.522073793316554 ], [ -51.267922499145484, -23.522181976023777 ], [ -51.267922499145484, -23.522205494003607 ], [ -51.267908388357583, -23.522299565922928 ], [ -51.267889573973719, -23.522393637842253 ], [ -51.267884720659907, -23.522405932903908 ], [ -51.267819020034224, -23.522572374488966 ], [ -51.267724948114903, -23.522628817640559 ], [ -51.26767226830404, -23.52262735431248 ], [ -51.267555618660126, -23.522624114044593 ] ] ] ] } },
{ "type": "Feature", "properties": { "ZG": 1, "Area (ha)": 10.58 }, "geometry": { "type": "MultiPolygon", "coordinates": [ [ [ [ -51.267676470280541, -23.527270935590611 ], [ -51.2674894935842, -23.528435232377102 ], [ -51.267450375700662, -23.528678817952144 ], [ -51.267516226044187, -23.528858730497848 ], [ -51.267459782892594, -23.529013949164732 ], [ -51.267341017094452, -23.529175047326572 ], [ -51.267333373750994, -23.530243939509869 ], [ -51.267359243528809, -23.530250406954323 ], [ -51.268744726951098, -23.530306540704537 ], [ -51.268792076449998, -23.530154571186507 ], [ -51.268908228705868, -23.528555818350167 ], [ -51.268956702308792, -23.52788861382982 ], [ -51.268938229088526, -23.527766923320318 ], [ -51.268829705217705, -23.527662841223442 ], [ -51.268819122126779, -23.527582880092019 ], [ -51.268843816005607, -23.527519381546476 ], [ -51.268875576825899, -23.527473036837701 ], [ -51.26899433107652, -23.527453531202951 ], [ -51.269077819904922, -23.527380625465476 ], [ -51.269087227096854, -23.527286553546151 ], [ -51.269101337884742, -23.527132510778259 ], [ -51.269110745076674, -23.526987875202302 ], [ -51.269133087157513, -23.526898506878943 ], [ -51.269146022046428, -23.526764454393909 ], [ -51.269142494349452, -23.526693900454418 ], [ -51.269117889449625, -23.526629579921391 ], [ -51.269026080349285, -23.526551616676443 ], [ -51.26885016653231, -23.526422111857745 ], [ -51.268666255257877, -23.526384639019643 ], [ -51.268545137661746, -23.526365824635779 ], [ -51.268229996732018, -23.526308205585195 ], [ -51.26815014669603, -23.526344589925444 ], [ -51.267983057943795, -23.526383463120652 ], [ -51.267953950646962, -23.52639493334156 ], [ -51.267877227034553, -23.526406981100482 ], [ -51.267816080286991, -23.526391694413594 ], [ -51.267795825670888, -23.526368241700215 ], [ -51.267773063815198, -23.526341885867311 ], [ -51.267771396125312, -23.526339954857967 ], [ -51.267784331014219, -23.526244707039652 ], [ -51.267879578832535, -23.526180032595118 ], [ -51.26813122121672, -23.526128293039491 ], [ -51.268302902469486, -23.526085960675793 ], [ -51.268574535136523, -23.526128293039488 ], [ -51.268917897642055, -23.526231772150744 ], [ -51.269143670248425, -23.526314085080152 ], [ -51.26922127958187, -23.526290567100322 ], [ -51.269263611945561, -23.526220013160827 ], [ -51.269275370935482, -23.526154162817303 ], [ -51.269289481723376, -23.525989536958487 ], [ -51.26931299970321, -23.525848429079502 ], [ -51.269291833521358, -23.525763764352114 ], [ -51.269087227096833, -23.525690858614638 ], [ -51.268334651742251, -23.525519177361872 ], [ -51.268050084186299, -23.525420401846585 ], [ -51.267896946862869, -23.52539713441227 ], [ -51.267866643943627, -23.525460382412295 ], [ -51.267773257853953, -23.52609885736657 ], [ -51.267666266900456, -23.52611429182269 ], [ -51.267409369649229, -23.526130405177732 ], [ -51.267097606003169, -23.526205902372933 ], [ -51.266991775093928, -23.526259993726544 ], [ -51.26691416576049, -23.52630467788822 ], [ -51.266744836305705, -23.526302326090239 ], [ -51.266561396063025, -23.526311733282171 ], [ -51.266388918414677, -23.526314440950593 ], [ -51.266262717719179, -23.526314085080148 ], [ -51.266053407698685, -23.526297622494265 ], [ -51.265982853759191, -23.526309381484182 ], [ -51.265907596223734, -23.526370528231741 ], [ -51.265849794402683, -23.526343952011288 ], [ -51.265799413516511, -23.526389342615605 ], [ -51.265747673960881, -23.526450489363167 ], [ -51.265691544070805, -23.526489047963427 ], [ -51.265702989799209, -23.526546913080473 ], [ -51.265667404189671, -23.526592336509843 ], [ -51.265597158889967, -23.526568079262319 ], [ -51.265481920788794, -23.526497525322828 ], [ -51.265448995617035, -23.5264316749793 ], [ -51.265420640960301, -23.526356248284614 ], [ -51.265079877527015, -23.526305753193668 ], [ -51.265054453031638, -23.526301985734836 ], [ -51.26500001841476, -23.526339409533943 ], [ -51.26488872307214, -23.526528127723594 ], [ -51.265025443066051, -23.526598543774696 ], [ -51.265061881180017, -23.526648636199472 ], [ -51.265144473253358, -23.526826155730856 ], [ -51.265158947199879, -23.527013285134458 ], [ -51.265139362082991, -23.527133901379475 ], [ -51.265137616151591, -23.527285201268135 ], [ -51.265217209456338, -23.527385443502705 ], [ -51.265318696916054, -23.527406053775465 ], [ -51.265419598142273, -23.527398263950367 ], [ -51.265508966465632, -23.52732183051592 ], [ -51.265591279395039, -23.52725362837441 ], [ -51.265664185132515, -23.527246572980459 ], [ -51.265741794465953, -23.527253628374407 ], [ -51.2658464494762, -23.527303016132052 ], [ -51.265900558066576, -23.527418195794812 ], [ -51.265939320958729, -23.527533095431682 ], [ -51.266001668143083, -23.527558186213216 ], [ -51.266074573880559, -23.527564065708173 ], [ -51.266165118102904, -23.527549954920275 ], [ -51.266261541820214, -23.527539371829352 ], [ -51.266314457274831, -23.527505270758596 ], [ -51.266386187113312, -23.52743236502112 ], [ -51.266421464083059, -23.527240693485503 ], [ -51.266310929577863, -23.526898506878965 ], [ -51.266282708002066, -23.52675857489897 ], [ -51.266299170587949, -23.526697428151412 ], [ -51.266317984971813, -23.526652743989732 ], [ -51.266362669133493, -23.526595124939146 ], [ -51.266435574870961, -23.526583365949236 ], [ -51.266482610830629, -23.526630401908896 ], [ -51.266564682047033, -23.526713597688676 ], [ -51.266595497133814, -23.526751519505023 ], [ -51.266650740533223, -23.526819396116398 ], [ -51.266796097002484, -23.526975153744615 ], [ -51.266831224310906, -23.527038277039573 ], [ -51.266841347242519, -23.527339329564789 ], [ -51.266832997663251, -23.527571010245268 ], [ -51.266673349763025, -23.527769907926057 ], [ -51.266545817341786, -23.527848978083618 ], [ -51.266509910922963, -23.527957277732181 ], [ -51.266544933477185, -23.528014435021934 ], [ -51.266706031639025, -23.528062646880585 ], [ -51.266851843113976, -23.528094396153357 ], [ -51.266969433013131, -23.52814025621403 ], [ -51.267097606003212, -23.528226096840413 ], [ -51.267181094831614, -23.528237855830326 ], [ -51.267293981134799, -23.528247263022259 ], [ -51.267379821761182, -23.528161422395879 ], [ -51.267385701256146, -23.528063822779583 ], [ -51.267353951983374, -23.527990917042107 ], [ -51.267359831478331, -23.527934473890515 ], [ -51.267405691538997, -23.527892141526817 ], [ -51.267457431094627, -23.527662841223467 ], [ -51.267459782892608, -23.527580528294067 ], [ -51.26746919008454, -23.527391208556431 ], [ -51.267525633236133, -23.527147797465183 ], [ -51.267486553241461, -23.527089119201875 ], [ -51.267511522448224, -23.526886747889058 ], [ -51.267483842977249, -23.526809123293123 ], [ -51.267455079296631, -23.526747991808055 ], [ -51.267424722158133, -23.526697429315792 ], [ -51.267433913114779, -23.526683317363521 ], [ -51.267504467054273, -23.526652743989743 ], [ -51.267606770266539, -23.52652104330269 ], [ -51.267634991842336, -23.526424619585384 ], [ -51.26767144471107, -23.526384639019671 ], [ -51.267684839172937, -23.526403893558605 ], [ -51.267690259094934, -23.526411684696477 ], [ -51.267690259094934, -23.526491645827903 ], [ -51.267688489639205, -23.52659164853252 ], [ -51.267676470280541, -23.527270935590611 ] ], [ [ -51.268399914136062, -23.52856475574983 ], [ -51.268416376721937, -23.528618847103441 ], [ -51.268374044358247, -23.52865647587117 ], [ -51.268329360196567, -23.528677642053019 ], [ -51.268265861651024, -23.528682345648985 ], [ -51.268214122095394, -23.528670586659068 ], [ -51.268148271751869, -23.528616495305457 ], [ -51.268141216357918, -23.528602384517558 ], [ -51.268131809165986, -23.528562403951845 ], [ -51.268131809165986, -23.528526045583067 ], [ -51.268131809165986, -23.52851771979017 ], [ -51.268134160963974, -23.528501257204287 ], [ -51.26816003074179, -23.528468332032524 ], [ -51.268287027832869, -23.528482442820422 ], [ -51.26833406379253, -23.528508312598237 ], [ -51.26838120315216, -23.528548717763627 ], [ -51.268399914136062, -23.52856475574983 ] ] ] ] } }
]
}
